,title,title_label,description,description_label
0, 싸운 건  쇼 로이터   미 우크라 간 광물협정 체결할 수도 ,0,로이터통신은 이날  트럼프  행정부 소식통들을 인용해 이같이 전하면서 특히 도널드  트럼프  대통령은 이날 오후  시 분 한국시간  일 오전  시  분  시작하는 상 하원 합동회의 연설 때 협정 합의를 발표하길 희망한다는  ,0
1,뉴욕증시  관세전쟁 격화에  일 연속 하락 마감,0,도널드  트럼프  미국 대통령  연합뉴스    트럼프  행정부의 관세전쟁이 격화하면서 뉴욕증시가  일 연속 하락 마감했다   일 미국 현지시간  뉴욕증권거래소 에 따르면 이날 다우존스 산업평균지수는 전장보다  ,0
2, 우크라 광물협정 임박 보도에 재무  지금은 아냐 ,1,일부 언론에서  트럼프  행정부 인사들을 인용해 발표가 임박한 것으로 보도했지만 주무 장관은 시기상조라는 인식을 드러낸 것이다  로이터통신은  일 현지시간   트럼프  행정부 소식통들을 인용해 양국이 광물 협정에  ,0
3, 트럼프  개입했지만  투어 커미셔너  와 통합 쉽지 않다 ,0,도널드  트럼프  미국 대통령이 개입해 타결이 임박한 것처럼 보였던   투어와   골프 통합 협상이 이른 시일 안에 마무리되기 쉽지 않다는 뜻이다   트럼프  대통령은 최근  차례나 모너핸 커미셔너를 포함한   투어  ,0
4,  엔비디아 급반등 이어 삼성전자    하이닉스  상승 출발 ,0,도널드  트럼프  대통령의 예고대로 이날 주요 무역국에 대한 관세 부과에 이어 상대국들도 즉각 보복관세로 맞불을 놓으면서 글로벌 무역전쟁 우려 확대 속에 이 같은 흐름이 나타났다고 미국 경제방송  ,0
5,미국 부통령  우크라 파병 추진 유럽국에  어중이떠중이  지칭 논란,0, 영국판  트럼프 로 불리는 나이절 패라지 영국개혁당 대표도  밴스는  틀렸다  틀렸다  틀렸다 면서 영국은 아프가니스탄에서  년 동안  미국의 편 에 섰다고 강조했습니다  프랑스군 대령 출신인 미셸 고야도  ,0
6,루비오 방문 한 달만에 홍콩 기업 결국 파나마운하 항만지분 미국 기업 ,1,도널드  트럼프  대통령이 파나마 운하를 미국이 소유해야 한다는 주장의 근거로 삼았던 홍콩 회사의 항만  그런데 지난해 당선된  트럼프  미국 대통령이 파나마 운하를 미국 소유로 만들어야 한다면서 중국이 파나마  ,0
7, 트럼프  관세   협상용 엄포  아닌  진심 그럼에도   증시 기 ,0,김학균 신영  리서치센터장 인터뷰  트럼프  관세    증시에 부담 불가피 전망   조정기  장기 박스권에  도널드  트럼프  미국 대통령 발  글로벌  관세 전쟁 이 국내외 증시에 미칠 영향과 이에 따른 투자  ,0
8, 물동량  만 시대 마중물  인천신항 완전자동화부두 조성 순항,0,올해는  트럼프   기의 보호무역과 관세 부과 등이 인천항에 미치는 영향이 클 것으로 보인다  이 사장은 물동량 유치 해법으로 타깃 마케팅 강화와 항로 다변화  특화화물 유치 등을 내세웠다  구체적으로 미주에서  ,0
9, 해외브리핑  미    억  규모 태양광 프로그램 보조금 동결 해제,0,사진 연합 미    억 달러 규모 태양광 프로그램 보조금 동결 해제 블룸버그의  일 현지시간  보도에 따르면  미국 환경보호청 이 도널드  트럼프  대통령 취임 이후 동결했던 모두를 위한  ,0
10,코스피    증시 변동성 속 상승 출발 선 등락,1, 트럼프 발 관세 영향으로 미국 증시가 하락 마감했지만  미국 장 마감 이후 미국 상무부 장관이 캐나다와 멕시코에 부과한   관세 정책과 관련 타협안을 발표할 수 있다고 밝히면서 일부 투자심리가 개선된  ,0
11, 미국 술 치워라 캐나다 주 정부들  트럼프  관세에 맞불,0,온타리오와 퀘벡 등 캐나다 주요 주 들이  일 현지시간  도널드  트럼프  미국 행정부의 관세 부과에 맞서 미국산 술 판매를 금지했다  더그 포드 온타리오 주지사는 미국산 알코올 판매 금지 조치를 발표하며  이는  ,0
12,  김여정  칼빈슨함  발끈하자  한국 방어 공약 분명 ,1,도널드  트럼프   기 행정부 출범 이후 미국의 한미동맹에 대한 변함없는 의지를 보여주는 신호라는 해석도 나온다  에반스 리비어 전 국무부 동아태 담당 수석 부차관보는 미국의소리  방송에  트럼프  행정부에서  ,0
13,코스닥  외인 기관 사자에  대 상승 선,1,도널드  트럼프  대통령이  일 현지시간  멕시코 캐나다 중국 등  개국산 수입품에 신규 관세 부과를 발효하고 이들  개국이 보복 조치에 나서거나 보복을 예고  관세전쟁이 격화 양상을 보이면서 위험회피  ,0
14, 트럼프  캐나다  총리 를  주지사 로 호칭 상호관세 부과 으름장,0,도널드  트럼프  미국 대통령이  일 현지시간 부터 부과하기 시작한 대캐나다  의 관세에 대해 캐나다 측이  보복관세 로 맞불을 놓자  이에 상응하는 상호관세를 추가로 즉각 부과하겠다고 맞받았다   트럼프  대통령은 이날  ,0
15, 상무  트럼프   멕 관세 경감 고려 내일 발표할 듯 상보 ,0, 트럼프  미국 대통령이 캐나다와 멕시코에 대한 관세 경감을 고려하고 있다고 밝혔다  미국 관세부과 소식 전하는 멕시코 신문 멕시코시티 연합뉴스  이재림 특파원   멕시코산 제품에 대한 미국 도널드  트럼프   기  ,0
16, 트럼프  암호화폐 비축 계획  업계 대립 초래,1,도널드  트럼프    미국 대통령이 지난 주말 국가 암호화폐 준비금 계획에 비트코인 뿐  이 소식에 암호화폐 시장 매도세는 잠시 주춤했으나 다시 하락했으며 업계 리더들은  트럼프 의 다자산 계획에  ,0
17, 글로벌칼럼  프란치스코 교황의 입원이 불러온 예상치 못한 영향,0,미국교회가  트럼프  행정부의 정책  특히 이민자와 난민 정책에 저항할 것을 공개적으로 촉구했다  또한 교황은 미국의   밴스 부통령이 국수주의적 정책을 정당화하기 위해 가톨릭 신학을 사용하는 것을 거부했다   트럼프  ,0
18, 뉴욕증시  관세전쟁 격화 양상에 일제히 하락 테슬라  ,0,도널드  트럼프  미국 대통령이 멕시코 캐나다 중국 수입품에 신규 관세 부과를 발효한 첫날인  일   트럼프 의 고율 관세 발효를 불확실성 제거로 받아들여 장 중 저가 매수세가 활발히 유입됐으나 장 마감을  여분  ,0
19,  암호화폐 준비금보다 관세 공포 컸다 비트코인 부진 계속,0,도널드  트럼프  미국 대통령의 암호화폐 준비금 발표 이후 급등했으나  뒤이은 관세 우려로 매도가 발생하면서  만 달러 수준을 회복하지 못했다   일 현지시간  경제매체  에 따르면  트럼프  대통령의 관세 시행 발표  ,0
20,아랍연맹  자체 가자 재건 계획  채택   트럼프  구상에 반발,0,아랍 국가들이  팔레스타인 가자지구를 미국이 점령 소유해 개발하겠다 는 도널드  트럼프  행정부 구상에 맞서 자체 재건 계획을 채택했다  아랍 국가가 참여하는 위원회가 가자지구를 관리하다가 요르단강  ,0
21,로이터  트럼프  오늘 연설서 우크라와 광물협정 발표 베센트  재무 ,1,   트럼프  대통령과 회담하는 젤렌스키 대통령  사진 연합뉴스  지난달  일 백악관에서 열린 정상회담이  보도에 따르면 다수의 소식통은  트럼프  대통령이 이날 오후  시  분 한국시간  일 오전  시  분  상 하원  ,0
22, 트럼프 발 관세 전쟁이   전기차 시장에 미치는 영향,0,미국 워싱턴주 공용 전기차 충전소  사진  로이터 통신  도널드  트럼프  행정부가 촉발한 관세전쟁이 자동차  이 같은  트럼프  행정부의 움직임에 미국 외 다른 나라의 입장은 어떨까  매체에 따르면 캐나다는 필요하다면  ,0
23,로이터  우크라 광물협상 타결 일  트럼프  의회 연설 때 발표 ,1,로이터통신은 이날  트럼프  행정부 소식통들을 인용해 이같이 전하면서 특히 도널드  트럼프  대통령은 이날 오후  시 분 한국시간  일 오전  시  분  시작하는 상 하원 합동회의 연설 때 협정 합의를 발표하길 희망한다는  ,0
24, 아주증시포커스  하루  시간 주식 거래 넥스트레이드 출범 첫날  ,0,간밤 뉴욕장 마감 후 루트닉 미국 상무부 장관이  트럼프 가 당장 내일 캐내다  멕시코 관세를 일부 감면하는 정책을 발표할 수 있다고 발언  중국 주미대사가  트럼프  관세에 공격적으로 대응하지 않겠다는 입장을  ,0
25,트뤼도  총리  조 규모 미국산 수입품에 보복관세 즉각 발효 ,0,쥐스탱 트뤼도 캐나다 총리는 도널드  트럼프  미국 대통령의   관세 부과를  어리석은 짓 이라고 비판하며  트뤼도 총리는  일 현지시간  캐나다 오타와 의회에서 기자회견을 열고  트럼프  행정부의 관세에 대해  어떠한  ,0
26,정부 지출 증가에 유로화 올들어 최고치 증시는 급락,1,도널드  트럼프  미국 대통령이 전날 캐나다와 멕시코에 관세 부과를 확정하면서  와 통상갈등도 가시화하고 있으나 유로화 강세에 영향을 미치지는 못했다  유로화는 지난해  월  트럼프  대통령 당선 이후  ,0
27, 초점  기로에 선   달러  약세 전망  솔솔 엔화 주목해야,0,미국 달러화는 도널드  트럼프 의 미국 대선 승리 가능성이 점쳐지자 지난해  월부터 줄곧 상승했고  트럼프 의 대통령 당선 이후 더욱 기세를 올리며 지난해  분기에만   급등했다   트럼프  대통령이 당선인 시절부터 주요  ,0
28, 부통령  우크라 파병 추진 유럽국에  어중이떠중이  지칭 논란,0, 영국판  트럼프 로 불리는 나이절 패라지 영국개혁당 대표도  밴스는  틀렸다  틀렸다  틀렸다 면서 영국은 아프가니스탄에서  년 동안  미국의 편 에 섰다고 강조했다  프랑스군 대령 출신인 미셸 고야도 엑스 옛  ,0
29,벨라루스 대통령  암호화폐 채굴 개발 지시 전력 남아돈다 ,0,루카셴코 대통령은 미국이  트럼프  대통령 당선 이후 암호화폐 중심지가 되겠다는 의지를 보인 데서 영감을 받아  비트코인과 이더리움 등으로 국가 암호화폐 보유고를 만들 계획을 세웠다  그는  세계가 가고 있는 길을  ,0
30, 트럼프  관세 직격탄 암호화폐 파생상품 하루 만  억달러 청산,0, 사진  셔터스톡  도널드  트럼프  대통령의   관세 부과 조치로 인해 하루 동안  억달러 이상의 암호화폐 파생상품 포지션이 청산됐다   일 현지시간  블록체인 매체 코인텔레그래프에 따르면  트럼프  대통령은  ,0
31, 우크라 광물협정 임박 보도 나왔지만  재무  지금은 아냐 종합 ,0,베센트 재무장관  현재로선 테이블 위에 올라와 있지 않다  로이터  트럼프   일 의회 연설 때 광물협정 합의  일부 언론에서  트럼프  행정부 인사들을 인용해 발표가 임박한 것으로 보도했지만 주무 장관은 시기상조라는  ,0
32,윤석열 최후의 변명 팩트체크  쿠데타의 재구성 ,1, 미국  트럼프  대통령은  취임 첫날 국가비상사태를 선포하고 군을 투입했다  불법체류자와 마약 카르텔  국가비상사태가 아니라고 단언할 수 있는가    거짓 도널드  트럼프  미국 대통령이 발효했다는  ,0
33,울산시   트럼프   기 통상정책 대응  유관기관 대책회의  개최,0,울산시가  트럼프   기 통상정책에 대응하기 위한 대책마련에 나선다  울산시는  일 시청 본관 중회의실에서  수출 유관기관 대책 회의 를 개최한다고 밝혔다  이날 회의는  월부터 시행될 미국의 철강 알루미늄   관세 부과  ,0
34, 테슬라 전기차 안 사 주가 또   급락   트럼프  상승분 대부분 반납,0,테슬라 주가가  일 현지시간  또   이상 급락하며 지난해 대선 이후 상승분을 거의 반납했다  테슬라 주가는 이날   하락한  달러로 마감했다  이는 지난해  월 일 대선 당일 종가인  달러 이후 최저가이다  ,0
35,리플 등 가상화폐  오는  일  트럼프  가상화폐 회의에 운명 달려,0, 트럼프  가상화폐 준비금 발표로 한 차례 폭풍이 지나간 가운데 오는  일 백악관에서 개최 예정인 가상화폐 관련 수장 회의는 사장의 운명을 가를 중요한 계기가 될 것이라는 전망이다  이번 주 금요일 백악관에서  트럼프 가  ,0
36, 젤렌스키는 영웅   트럼프 는 빵점 ,0, 일 현지 시간  미 캘리포니아주 샌프란시스코 시청 밖에서 시위대가 손팻말을 들고 반 트럼프  시위를 벌이고 있다   ,0
37,  주식 이어   사들인 투자자들  상품 경쟁 가속,0,미국  트럼프  행정부의 관세 전쟁과 인플레이션 우려로 글로벌 금융시장 불확실성이 확대되면서  운용업계 관계자는  괴리율은 줄었지만  트럼프 발 관세 이슈 등으로 대외적인 불확실성이 큰 데다가 각국의  ,0
38,뉴욕 연은 총재  관세 물가 영향 연내 나타날 것 ,0,존 윌리엄스 미국 뉴욕 연방준비은행 연은  총재가 도널드  트럼프  미 행정부의 관세 정책에 따른 물가 영향이 연내 나타날 것으로 전망했다  윌리엄스 총재는  일 현지시간  미국 뉴욕에서 열린 블룸버그 인베스트  ,0
39,공포탐욕지수  극단적 공포  수준  하나증권  텔레콤     한국전력 ,0,도널드  트럼프  미국 대통령이 관세 전쟁에 다시 힘을 싣고 있다는 점도 경기방어주 매력을 부각하는 요인으로 꼽혔다  미국 증권시장에서도 필립모리스  존슨앤드존슨    등 경기방어주로 투자 수요가 쏠리는  ,0
40, 국방차관 후보   전작권 이전에  의욕적인 동맹국  역할 강화 지지 ,0,워싱턴  연합뉴스 도널드  트럼프  미국 행정부에서 미 국방정책을 설계할 엘브리지 콜비 미국 국방부 정책 담당 차관 지명자는  일 현지 시간  전시작전통제권 전작권  이전 문제와 관련해  트럼프  대통령의 외교정책  ,0
41,사운드웨이브 부사장 최원준     내가 사는 세상을 사실에 가깝게 보는 ,1,후보 시절   트럼프 와 해리스의 노출량을 비교해 봤어요  유튜브에서  트럼프 의 노출량이 해리스보다 열 배 많았습니다   트럼프 는 시시콜콜한 콘텐츠를 자기 채널에 수시로 올려요   트럼프 는 노출 빈도가 높으니 친숙한  ,0
42,  상무장관   트럼프  멕시코 캐나다와 무역협상 타결 내일 발표할수 ,1,미국의 도널드  트럼프  대통령이 최대 무역상대국인 캐나다 멕시코와의 관세전쟁을 협상으로 마무리할 것으로 보인다   방송 등에 따르면 미국의 하워드 러트닉 상무장관은  일 현지시간  폭스뉴스와 인터뷰에서  트럼프  ,0
43, 글로벌 마켓 리포트  월  일 ,0, 일 현지시간  미국 뉴욕증시 주요 지수는 도널드  트럼프  미국 대통령이 선포한 관세 전쟁이   트럼프  대통령은 이날부터 캐나다와 멕시코에 대한  의 관세 부과를 전격 단행했다  중국산 수입품에 대해서는  ,0
44,대통령도 나섰는데   투어 커미셔너  와 통합 쉽지 않다 ,0,도널드  트럼프  미국 대통령이 팔을 걷어붙이고 나서면서 급물살을 탈 것 같았던 미국프로골프  투어와   트럼프  대통령의 개입으로 타결이 임박한 것처럼 보였던   투어와   골프 통합 협상이 이른 시일 안에  ,0
45, 트럼프  무역 전쟁  미국보다 캐나다 멕시코 큰 타격 ,1,도널드  트럼프  미 대통령이 캐나다  멕시코  중국을 상대로 시작한 무역 전쟁이 경제적 혼란을 일으킨 것과   는 그러나  트럼프 의 의도는 미국의 무역 적자를 줄이는 것이라며 무역 의존도가 낮은 미국이 받는 타격이  ,0
46, 트뤼도 주지사  보복 관세  그럼 우린 또 올려  재보복 위협한 트 ,1,도널드  트럼프  미국 대통령이  일 현지시간  쥐스탱 트뤼도 캐나다 총리의 관세 대응 인상 발표에 대해  보복 관세를 단행하면 그와 같은 금액의 상호관세를 즉각 부과하겠다 고 밝혔다   트럼프  대통령은 트뤼도  ,0
47, 오늘의 뉴욕증시 무버  관세전쟁에 인플레 우려한 유통주 폭락 베스트 ,0,  급등  일 현지시간  뉴욕증시에서는 도널드  트럼프  미국 대통령의 관세가 촉발한 관세 전쟁으로 소비자  코리 배리 베스트바이 최고경영자 는 실적 발표에서  트럼프  대통령이 부과한 멕시코에 대한   관세와  ,0
48,뉴욕증시   트럼프  관세 격화에 약세 다우   하락,0,뉴욕증시는 도널드  트럼프  미국 대통령이 캐나다 멕시코 중국에 고율의 관세를 부과하고 상대국이  또  트럼프  행정부를 세계무역기구 에 제소하는 방침도 공개했다  클라우디아 셰인바움 멕시코 대통령은  ,0
49,두산밥캣 북미 생산으로 업황 반등 수혜 기대  한화투자  목표주가 상향 ,1,배 연구원은  두산밥캣은  트럼프   기 행정부 시대에 주목할 만한 업체라고 판단한다 며  올해 경영계획도 환율 가정이  원인 점과 하반기 북미 회복 가능성을 고려하면 보수적 목표라고 보인다 고 분석했다  ,0
50, 뉴욕 브리핑   트럼프  관세전쟁 격화 뉴욕증시 동반 하락,1,막판 협상이 가능할 줄 알았던  트럼프 발 관세 전쟁이 본격화하는 모습에 간밤 뉴욕증시  대 지수는 일제히 하락했다   트럼프  행정부는  일 현지시간  캐나다 멕시코 중국의 수입품에 관세 부과를 발효했다  이에  ,0
51, 국방차관 후보  동북아 동맹국에 국방비 증액 요구,0,도널드  트럼프  미국 대통령은 지난달 이시바 시게루 일본 총리와의 정상회담에서  일본은  년까지 방위비를 내 첫 임기 때보다  배로 늘릴 것을 약속했다 고 지적했다  지난해 일본의 방위비 예산은  의   ,0
52,테슬라 전고점 대비   폭락  어디까지 떨어지나 종합 ,1,테슬라가 연일 급락하며  트럼프  당선 이후 상승분을 거의 반납한 것은 물론  전고점 대비   이상  캐나다는  트럼프 가 관세 폭탄을 터트리자 테슬라 전기차에   관세를 부과할 것이라고 천명했었다  악재투성이인  ,0
53,연준 윌리엄스  트럼프  관세 물가 영향  올 하반기 나타날 듯 ,1,권지언 특파원   도널드  트럼프  미국 대통령의 관세 정책이 인플레이션을 일정 수준 부추긴다고 존 윌리엄스  한다 면서  트럼프 의 관세 정책 여파가 올 하반기 정도에 나타날 것 같기 때문에 관세로 인한 물가 영향도  ,0
54, 미장브리핑    관세 부과에   보복 조치 단행 예고,0, 사진 이미지투데이   도널드  트럼프  미국 대통령 관세 부과로 인한 경제 우려가 커지면서 주식 폭락   트럼프  대통령은 캐나다와 멕시코에   관세를 부과한다고 발표  중국 상품에   추가 관세 부과   중국과  ,0
55, 뉴욕 금가격   트럼프  관세 어부지리 달러 약세 연일 반등,0,금괴 연합뉴스 자료사진  도널드  트럼프  대통령의 관세 강행 조치가  보복 관세 를 부르면서 안전자산   트럼프   기 행정부는 사전 예고된 대로 이날부터 캐나다와 멕시코에   보편관세를 부과하고 중국에   ,0
56,울산시  수출유관기관 대책 회의 개최,1,울산시가  트럼프   기 통상정책에 대응하기 위한 대책 마련에 나선다  시는  월  일 오전  시  분 시청 본관  층 중회의실에서  수출유관기관 대책 회의 를 개최한다고 전했다  이날 회의는  월부터 시행될 미국의 철강  ,0
57, 박정식의 국내 주식시황  관세전쟁 시작되며 인플레이션 및 경기침체  ,1,미국은  트럼프  대통령이 예고한 대로  월  일 오전  시부터 멕시코  캐나다  중국에 대한 관세를 발효했다  관세전쟁이 본격화되는 상황에  트럼프  대통령은 트루스 소셜을 통해 상호관세로 추가 보복관세를 부과할 수  ,0
58,에버코어 가 꼽은 무역전쟁 중 보유하기 좋은 주식은,0, 일 현지시간   에 따르면 에버코어는 저변동성 주식이 무역전쟁 징후가 본격적으로 나타난 지난달뿐만 아니라  트럼프   기였던 지난  년에도 더 나은 성과를 보였다고 설명했다  줄리안 에마누엘 시니어  ,0
59,   캐 멕 관세  가장 어리석은 세금 트럼프  고삐 풀린 관세맨 ,0,도널드  트럼프  미국 대통령이  일 현지시간 부터 예고대로 캐나다 멕시코에   전면 관세를  중국산   일 현지시간  월스트리트저널 은  트럼프  가장 어리석은 관세 추락 이라는 제목의 사설에서  그는 멕시코와  ,0
60,      우기홍 대한항공 대표이사 부회장,0, 년  월 방한한 도널드  트럼프  미국 대통령은 직접  기홍 우 를 찾으며  천재 사업가 라고 드러내놓고 칭찬하기도 했다  이는 대한항공이 보잉 항공기를  조 원 이상 구매한 것과 무관치 않다는 분석이 나왔다  ,0
61, 엔비디아 저평가 년 내 최저 수준 근접 ,1,그는  엔비디아의 신형    블랙웰  출시가 순조롭게 진행되지 않고 있지만  회사가 문제를 해결해 나가고 있다 며 가장 주목하는 위험 요소는 도널드  트럼프  대통령의 중국 수출 규제가 얼마나 강력하게 시행될지  ,0
62,  오늘 포항서  철강산업 위기극복  현장 간담회,1,국민의힘 권성동 원내대표를 비롯한 원내지도부는 이날 포스코 한국철강협회와 현장간담회를 열고  트럼프 발 관세 전쟁으로 인한 통상 분야의 불확실성 증가와 중국발 철강제품 과잉 공급에 따른 단가 하락 등 국내  ,0
63,농협사료  사료값 인상 요인에도 가격 인상  최대한 지연 ,0,여기에  트럼프  대통령의 상호 관세 부과 공식 발표로 환율마저  원대 수준에서 등락을 거듭하면서 사료가격 안정을 위협하는 요인이 되고 있다  이처럼 원료곡 상승에 환율 인상 분까지 감안할 경우 사료용 원료곡의  ,0
64,관세전쟁에 뉴욕증시 이틀째 하락 다우   하락,0,미국  트럼프  행정부가  일 현지시간 부터 멕시코 캐나다 중국 수입품에 신규 관세 부과를 발효한데 대해   트럼프  행정부는 미 현지시간 오전  시  분을 기해 멕시코 캐나다 중국 등  개국 수입품에 대한 신규  ,0
65,미증시 급락에도 지수 선물은 일제 상승  나스닥  ,0,전일에도 미국증시는  트럼프 가 관세 부과를 강행하겠다고 밝히자 나스닥이   급락하는 등 일제히 급락했었다  미국 증시가 이틀 연속 급락하자 저가 매수가 유입됨에 따라 지수 선물이 일제히 상승하고 있는  ,0
66,전북자치도   트럼프  통상정책에 맞춤형 선제 대응,0,맞춤형 컨설팅을 제공하고  필요시 중앙정부와 협력해 추가 지원책을 마련할 예정이다 전북자치도는 지난  월 미국 통상정책 변화에 대응하기 위해  개 실국과 도내  개 유관기관이 참여하는  트럼프   기 통상정책  ,0
67, 더벨   반도체 부품  승부수  이노텍  반도체협회 부회장 ,0, 이노텍으로선 반도체 부품업종을 새 성장동력을 삼은 데다  트럼프  발  통상리스크에 대응하는  현재 글로벌 시장은  트럼프  미국 대통령 발 보호무역주의와 관세정책으로 인해 불확실성이 대두된 상황이다  특히  ,0
68,뉴욕증시     트럼프  관세전쟁 격화에  대 지수 하락,0,미국 도널드  트럼프  행정부가  일 현지시간  멕시코 캐나다 중국 등  개국산 수입품에 신규 관세 부과를  뉴욕증시  대 지수는 전날  트럼프  대통령의 관세 강행 예고 여파로 하락 마감한 데 이어 이날 캐나다와  ,0
69, 환율전망   약달러 압력 확대 속   전인대 내용 주목 ,0,장관이  트럼프 가 당장 내일 캐내다  멕시코 관세를 일부 감면하는 정책을 발표할 수 있다고 발언하며 위험자산 투심 진화에 나섰다 고 분석했다  이어  중국 주미대사가  트럼프  관세에 공격적으로 대응하지 않겠다는  ,0
70,국제유가  거래일 연속 하락  산유국 증산 관세 전쟁 속 수요 위축 우려 ,0,미국 도널드  트럼프  행정부의 관세 부과 정책으로 경기 침체 우려가 커진 점도 유가 하락 요인으로 작용한  김 연구원은  트럼프  행정부가 멕시코와 캐나다 대상   관세 부과 정책을 시행하면서 경기 우려가  ,0
71,미 상무장관  중간서 만날 듯 캐 멕 관세 경감 가능성 시사,0,하워드 러트닉 상무장관은 현지시간  일 폭스뉴스 인터뷰에서  트럼프  대통령이 캐나다와 멕시코에 구제  지점 에서 만나게 될 수도 있다며 관세 경감 가능성을 시사했습니다  정래원 기자  캐나다  멕시코  트럼프 관세,0
72,레딧 공동 창업자  틱톡 사업권 인수전 참여 선언,1, 트럼프  대통령은 지난  월 마이크로 소프트가 틱톡 인수 협상을 진행 중이라고 언급했습니다  틱톡은 이른바  틱톡 금지법  시행을 목전에 둔  월  일 미국에서 서비스를 중단했다가  트럼프  대통령이 금지 조치 시행을  ,0
73, 상무  트럼프  내일 캐나다 멕시코 관세 타협안 발표 ,0,본 기사는 인포맥스 금융정보 단말기에서  시  분에 서비스된 기사입니다 ,0
74, 트럼프  관세 부과 멕시코산 투싼    최대  만 원 인상   개 차종 타 ,0,도널드  트럼프  대통령이  일 현지 시간 부터 캐나다와 멕시코  중국산 자동차에 관세부과를 시작했다  분석기관들은  트럼프  관세로 인해 미국 자동차산업의 비용이 연간  조 원 증가하고 신차 판매가   감소할  ,0
75,철강업계 칼바람 현대제철  포항공장 희망퇴직 실시,1,글로벌 경기 둔화와  트럼프   기 관세 부과까지 겹쳐 철강 업계가 침체에 빠진 가운데 국내  위 철강사인  현대제철이 국내 건설 경기 침체  중국발 과잉 공급과 단가 하락   트럼프   기 관세 부과 등 복합적인 위기를  ,0
76, 트럼프 발 관세전쟁 본격화 조 규모 국고채  년물 입찰도 채권브리 ,0,단기물은 미 연방준비제도 연준 의 금리 인하 기대감과  트럼프  행정부 관세정책 불확실성 등을  도널드  트럼프  미국 대통령   사진    간밤 미국채  년물 금리는 전거래일 대비  포인트  오른  에  ,0
77, 트럼프  주최 암호화폐 서밋 세일러 황 등 업계 거물 총출동,1, 일 현지시간  암호화폐 전문매체 코인게이프에 따르면  도널드  트럼프    미국 대통령이  코인게이프에 따르면   트럼프  행정부는 친  암호화폐 정책을 추진하고 있으며  규제 명확성을  ,0
78, 더벨 헤드 릴레이 인터뷰 고객동맹 핵심  수익률  영업 키워드  분 ,0,지난해부터 이어지고 있는 탄핵 정국이 수개월 동안 이어지고 있는데다 미국발  트럼프  대통령 리스크까지 겹쳤다  리스크 해소가 화두가 되고 있는 셈이다  그런 측면에서 미래에셋증권이 경쟁력에 눈길이 향한다  ,0
79,부산대 경희대 연구팀   한국  핵무기 만들어야 한다 ,1,변화시키고   트럼프 는 이 상황을 악화시킨다  한국이 미국의 핵우산에만 의존하는 것은 위험하다 고  논문에 따르면 북한 핵  은 미국 확장 억제력 신뢰성을 감소시키고   트럼프  등장으로 악화되고 있다  미국은 북핵  ,0
80,미국 유통업체 관세 탓 가격 인상 불가피,0,뉴욕시의 베스트바이 매장 사진 로이터 연합  미국의 대형 유통업체들이 도널드  트럼프  행정부가 촉발한  그러면서  트럼프  관세  여파로 조만간 상품 가격 인상이 불가피할 것으로 예상된다고 경고했다  브라이언  ,0
81,   일본에 대한 투자 계획도 예정대로 진행 ,0,도널드  트럼프  미국 대통령과 웨이저자   회장 겸 최고경영자 는  일 현지시간  백악관에서 향후  년간  억달러를 투자해  개의 반도체 공장을 건설할 계획이라고 밝혔다  현재 미국 애리조나주에서 진행  ,0
82, 관세전쟁 에 미 유럽증시 하락  불안지수 올들어 최고,1,도널드  트럼프  미국 대통령의  관세 전쟁  확대에 따른 경제 악영향 우려로  일 현지시각  뉴욕 증시   트럼프  행정부는 미국 동부시각으로  일 오전  시  분을 기해 멕시코 캐나다 중국산 수입품에 대한  ,0
83, 굿모닝  글로벌 뉴욕증시  관세전쟁으로 인한 인플레이션 및 경기침체 ,1,뉴욕증시는 도널드  트럼프  대통령의 관세 정책이 예정대로 발효됐고  상대국들의 보복 조치가 이어지는 등 글로벌 관세 전쟁이 격화되고 있으며   트럼프  대통령이 상호관세 카드로 보복관세를 시사하며  대 지수  ,0
84,   트럼프  관세 다음은 환율로 국제통상 압박 외환 극심한 변동성  ,0,미국  트럼프  대통령의 관세 다음 협상 카드는 환율이 될 수 있다는 전망이 나왔다  관세리스크가 현실화하면서 미국채 금리 급락 등 안전자산 선호는 강화했지만  달러화는 급락하고 있다   일  증권은  트럼프  대통령이  ,0
85,캐나다 총리  트럼프  경제 망가뜨려 병합할 생각 물러서지 않아 ,0,  쥐스탱 트뤼도 캐나다 총리 쥐스탱 트뤼도 캐나다 총리는  일 현지시간  자국을 향한 도널드  트럼프  미국  트뤼도 총리는 이날 캐나다 오타와 의회에서 기자회견을 열고  트럼프  행정부의 관세에 대해  어떠한 정당한  ,0
86,뉴욕 연은 총재  트럼프  관세로 인해 조만간 물가 상승할 것 ,1,존 윌리엄스 뉴욕 연방준비은행 연은  총재가 도널드  트럼프  미국 대통령의 관세로 인해 조만간 물가가 상승할 것이라고 전망했다  지난  일 이하 현지시각  로이터통신에 따르면 윌리엄스 총재는 이날 블룸버그 인베스트  ,0
87, 국방차관 후보  동북아 국방비 증액 요구     대만  ,0,그러나 도널드  트럼프  대통령은 지난달 이시바 시게루 일본 총리와의 정상회담에서  일본은 내 첫 임기 때보다  년까지 방위비를  배로 늘리기로 약속했다 고 밝혔다  지난해  의   수준이었던 일본의 방위비  ,0
88, 어제장 오늘장   트럼프  중국에   추가 관세 부과 철강주 강세,0,  재테크 노하우 머니쇼  어제장 오늘장    장연재  트럼프   기만큼이나  트럼프   기 대응도 쉽지 않습니다  어제 일  국내증시는 미국의 캐나다  멕시코  중국 관세 부과와 뉴욕증시 급락 충격을 모두 소화해야 하는  ,0
89, 트럼프 발 관세  이제부터 환율전쟁 불 붙는다    버블 파열 땐 달러  ,0,오늘부터  트럼프  대통령이 행정명령에 의해 예고된 관세가 일제히 부과되기 시작했는데요  더 우려되는   트럼프 의 관세 정책이 집권  기 때와는 다르다는 평가가 나오고 있지 않습니까     트럼프  관세  목표 달성  ,0
90,  예멘 후티 반군  외국테러조직  재지정 바이든 뒤집기,1,국무부는  트럼프  대통령이 취임하자마자 내건 첫 공약 중 하나를 이행하고 있으며  흔히 후티로 불리는  안사르 알라 를 외국 테러조직으로 지정했다는 소식을 발표하게 돼 기쁘다 고 밝혔다  도널드  트럼프  미국  ,0
91,백악관 암호화폐 정상회의  주요 참석자 확정  정책 변화 신호탄 되나,0,이번 회의는 도널드  트럼프  전 대통령의 디지털 혁신 정책의 일환으로 진행되며  업계 리더  투자자  정책   트럼프  행정부는 암호화폐 산업에 우호적인 정책 변화를 추진하고 있으며  이번 정상회의는 그러한  ,0
92, 증권  의 보복관세    견제보다 자국 물가관리 목적 ,0, 증권은  일 중국의  트럼프  관세 에 대한 보복 조치가 내부 물가 관리 목적으로서 자국에 유리한 성격이 크다고 분석했다  앞서 중국은 미국이 중국에서 수입한 제품에 기존의  에다  의 추가 관세를 부과하자 오는  ,0
93, 트럼프  캐나다 보복관세에  같은 금액 상호관세 즉시 부과할 것 ,1,도널드  트럼프  미국 대통령은  일 현지시간 부터 부과하기 시작한 캐나다  의 관세에 대해 캐나다 측이 보복관세를 발표하자 이에 상호관세를 추가로 즉각 부과하겠다고 밝혔다   일 현지시간   트럼프  대통령은 이날  ,0
94, 기업이슈  미 러 정상회담 난항에   방위비 증액 방산주 랠리,0,   배터리  불똥   차전지 약세  트럼프  대통령이 예고한 대로 캐나다와 멕시코에  의 관세를 부과하겠다고   트럼프  대통령과 젤렌스키 대통령 간 정상회담이 난항을 겪으면서  미국 세계경찰 시대가 사실상 막을 내렸단  ,0
95,제 발등 찍는  트럼프 관세 전쟁  직격탄에 미국 경제부터  휘청 ,0,도널드  트럼프  미국 대통령이 불지핀 미국발 무역 전쟁에 전 세계 경제가 휘청이는 가운데  이들  대 지수는 전날  트럼프  대통령이 관세 부과를 강행하겠다고 예고하면서 하락 마감했는데  실제 캐나다 멕시코  ,0
96,  유통업체  관세 탓 가격 인상 조만간 소비자 체감할 것 ,1,미국 대형 유통업체들이 도널드  트럼프  행정부가 촉발한 관세전쟁의 영향을 소비자들이 며칠 내에 체감할 것이라고 경고했다  미 대형 소매업체 타깃은  일 현지시간  실적 발표 보도자료에서  트럼프  관세  여파로  ,0
97,의회 앞 반 트럼프  시위 벌이는 시민들,0, 일 현지 시간  도널드  트럼프  미국 대통령의 상 하원 합동회의 연설을 앞두고 시위대가 워싱턴 의사당 인근에서 반 트럼프  시위를 벌이고 있다   트럼프  대통령은 이날  기 행정부 출범 이후 처음으로 의회 합동  ,0
98,  유통업체  관세전쟁  탓에 조만간 상품 가격 인상 불가피 ,0,미국의 대형 유통업체들이 도널드  트럼프  행정부가 촉발한 관세전쟁 영향으로 며칠 내 상품 가격 인상이  그러면서  트럼프  관세  여파로 조만간 상품 가격 인상이 불가피할 것으로 예상된다고 내다봤습니다  브라이언  ,0
99, 반역자  트럼프 를 체포하라 ,0, 일 현지 시간  도널드  트럼프  미국 대통령의 상 하원 합동회의 연설을 앞두고 시위대가 워싱턴 의사당 인근에서 반 트럼프  시위를 벌이고 있다   트럼프  대통령은 이날  기 행정부 출범 이후 처음으로 의회 합동  ,0
100, 러시아가 아닌 동맹과 함께 해야 ,1, 일 현지 시간  도널드  트럼프  미국 대통령의 상 하원 합동회의 연설을 앞두고 시위대가 워싱턴 의사당 인근에서 반 트럼프  시위를 벌이고 있다   트럼프  대통령은 이날  기 행정부 출범 이후 처음으로 의회 합동  ,0
101,베선트  재무  우크라와 광물협정 서명 계획 지금은 없어 ,1,이 발언은 로이터가 이날 오후로 예정된 의회 연설 직전 도널드  트럼프  미국 대통령이 볼로디미르 젤렌스키 우크라이나 대통령과의 광물협정 체결을 발표하려 한다고 보도한 가운데 나왔다  로이터에 따르면  트럼프 는  ,0
102, 트럼프  연설 앞두고 의회 인근 모인 시위대,1, 일 현지 시간  도널드  트럼프  미국 대통령의 상 하원 합동회의 연설을 앞두고 시위대가 워싱턴 의사당 인근에서 반 트럼프  시위를 벌이고 있다   트럼프  대통령은 이날  기 행정부 출범 이후 처음으로 의회 합동  ,0
103,격화하는 관세전쟁 미국에 맞서 캐나다 멕시코 중국 보복 나서,1,도널드  트럼프  미국 대통령 사진 로이터연합뉴스  미국이  일 현지시간 부터 캐나다  멕시코  중국에 새로운 관세를 부과하고   개국이 즉각 이에 대한 보복에 나서면서 도널드  트럼프  미국 대통령이 일방적으로 시작한  ,0
104,뉴욕증시  글로벌 무역전쟁 우려 등 영향 이틀 연속 급락 테슬라  대 ,0,도널드  트럼프  미 대통령이 멕시코 캐나다 중국에 관세 부과를 강행하고 각국이 보복 조치를 시사하며  미국은  트럼프  대통령이 예고한 대로 이날 오전  시부터 멕시코 캐나다 중국에 대한 관세를 발효했다  ,0
105,유통주  호실적 불구 관세 우려 속 하락  증시 특징주 ,0, 는 전일 백악관에서  트럼프  대통령과 면담한 뒤  미국에 약  억 달러의 투자를 단행하겠다고   의 이 같은 입장에  트럼프  대통령은  세상에서 가장 강력한 반도체는 바로 이곳  미국에서 만들어질 것이며  ,0
106, 손병관의 뉴스프레소  어디서나 가능한 사전투표 없애자는 국민의힘,1,위기의 우크라이나 도널드  트럼프  미국대통령이  일 우크라이나에 대한 군사지원을 전면 중단했다   트럼프 는 반대로 우크라이나와 전쟁 중인 러시아에 대한 제재는 완화해주기로 했다   통신은 미국의 결정으로  ,0
107,캐나다 총리   수입품   관세 예정 굿모닝 글로벌 이슈 ,1, 트럼프  대통령이 캐나다  멕시코  중국을 대상으로 예고했던 관세를 예정대로 시행하겠다고 발표하면서  해당 국가들은 즉각 보복 조치를 예고했습니다  캐나다는 첫 단계로 미국산 수입품에 대해  의 보복 관세를 부과할  ,0
108,국제유가  무역전쟁 본격화 우려 등 영향  거래일째 하락  배럴당  달 ,0,도널드  트럼프  미국 대통령이 본격적으로 관세 정책을 시행하면서 경기 둔화 우려가 겹친 데다 주요 산유국의 증산 방침이 계속 유가를 짓누르고 있는 때문이다   트럼프 가 강경 관세 정책을 본격적으로 밀어붙이면서  ,0
109,  증시 하락 트럼프  관세 전쟁 공포 글로벌 시황 ,0,역시나 우려한대로   트럼프 발 관세 전쟁이 투자 심리를 크게 위축시켰고요  특히 나스닥 지수의 경우  조정  아시아 증시도 전반적으로  트럼프  발 관세 전쟁에 영향을 받은 모습입니다  특히 일본은 이 와중에 엔화  ,0
110,뉴욕증시  관세전쟁 격화에 일제히 하락 다우  ,0,도널드  트럼프  미국 대통령 발   관세 전쟁 에 미국 뉴욕증시  대 지수가 이틀째 하락했다   일  캐나다의 쥐스탱 트뤼도 총리는  트럼프  관세 에  가장 어리석은  짓 이라며  억 캐나다달러 약  조원  ,0
111,  위성통신 유텔샛  우크라서 스타링크 서비스 대체 논의 ,0,도널드  트럼프  미국 대통령이 우크라이나 군사 지원 중단을 결정  일론 머스크가 운영하는 인공위성 기반  이어 전날 일   트럼프  대통령이 우크라이나에 대한 모든 군사 지원을 일시중단하고 효과를 재검토하기로  ,0
112, 기자의눈  뭍으로 올라온 김의 속내 김만의 문제 아냐,1,학계는 이미  티핑포인트 라고 불리는 지구 평균 기온 상승  도를 넘어섰다고 보고 있고  주된 온실가스 배출국인 미국이 도널드  트럼프  대통령 재선 직후 파리기후변화 협약 탈퇴하는 등 온실가스 감축은 아직  ,0
113, 아주경제 코이너스 브리핑  비트코인    관세 전쟁에 약세 지속 만 ,0,비트코인이  만 달러대에서 약세를 이어가고 있는 건 도널드  트럼프   기 행정부의 관세 부과 확대로 커진 불확실성 때문이다   트럼프  대통령은 지난  일부터 캐나다와 멕시코에   관세를 부과하기로 했다  또 다음  ,0
114, 뉴욕채권  장기금리 급반등 나스닥 한때 강세 전환 독일 특별기금,0,도널드  트럼프  대통령의 전방위적 관세가 경제성장에 타격을 줄 것이라는 우려가 커지면서 금리 인하  오후 장 후반께 등장한 존 윌리엄스 뉴욕 연방준비은행 총재는 도널드  트럼프  대통령의 관세 정책이 물가  ,0
115, 국방차관 후보   전작권 이전에  역할 강화 지지 ,0,이윤희 특파원   도널드  트럼프  미국 행정부에서 미 국방정책을 설계할 엘브리지 콜비 미국 국방부 정책 담당 차관 지명자는  일 현지 시간  전시작전통제권 전작권  이전 문제와 관련해  트럼프  대통령의 외교정책 비전은  ,0
116,일주일   찍어도 레버리지    조 쓸어담은 서학개미 서학망원경 ,1,도널드  트럼프  미국 대통령 관세 강행에 시장이 흔들리며  도   내렸다  하지만 국내 투자자들은 마이너스 수익률에도 매수 규모를 늘리며  물타기  중이다  지난해 상반기 반도체 테크주 상승장에서  ,0
117,유럽증시  글로벌 무역전쟁 우려 등 영향  개월만 최대 하락 독일  ,0,도널드  트럼프  미국 대통령이 공언한 폭탄 관세가 단지 위협 수준에 머물지 않고 실제 수출입 무역에   트럼프  대통령은 지난  일 첫 내각회의에서  우리는  에 관세를 부과하기로  결정을 내렸다  아주 조만간  ,0
118, 굿모닝 마켓   트럼프  관세 정책에 상대국도 보복 관세 무역 불안 ,1,막판 협상이 가능할 줄 알았던 관세 조치  결국  트럼프  대통령은 예정대로 관세 정책을 시행했습니다  오늘 시장은 일단 관세에 면역을 보이는 듯했지만   트럼프  대통령이 실제로 관세를 부과하면서 계속해서  ,0
119,  경제산업상  일 방미 관세 문제 직접 담판,0, 트럼프  관세 에 대응하기 위해 일본 경제산업상이 내주 미국을 방문한다  아사히신문 등에 따르면 무토   트럼프  미국 정부는  월  일부터 철강과 알루미늄에  의 관세를 부과할 방침이다   월 이후에는 자동차 관세도  ,0
120,   조  재무장  계획 발표 홀로서기 본격화하나,0,도널드  트럼프  미국 대통령이 우방을 등지고 러시아와의 관계를 강화하며 오랜 지정학적 질서가 균열을 맞이한 가운데  새롭게 발표된  재무장  계획은 독자적인 안보 구축을 위한 유럽의 노력을 보여준다  우르줄라  ,0
121,   가상자산 서밋  앞두고 기대감  비트코인   만 달러 회복,0,도널드  트럼프  미국 대통령의  전략적 비축  목록으로 언급된 리플 솔라나 카르다노도 강세다   일  특히  트럼프  대통령이 전략적 비축 대상으로 언급했던 리플 솔라나 카르다노도 강세를 보이고 있다  ,0
122, 트럼프    보복하면 그만큼 상호관세 즉시 부과 ,1,도널드  트럼프  미국 대통령이  일 현지시간 부터 부과하기 시작한 대 캐나다  의 관세에 대해 캐나다 측이  보복관세 로 맞불을 놓자 이에 상응하는 상호관세를 추가로 즉각 부과하겠다고 다시 맞받았다   트럼프  ,0
123,  상무 관세 타협 발언 증시 긍정적 관세는 협상용 ,0, 중국도 대화 통해 대응 수위 조절 중  도널드  트럼프  대통령의 관세 전쟁 우려가 커진 상황이지만 미국  하워드 러트닉 미국 상무부 장관은 뉴욕 증시 마감 후 외신과 인터뷰에서 도널드  트럼프  미국 대통령이  ,0
124,뉴욕증시  관세전쟁 격화 양상에  대 지수 하락,0,컨슈머타임스 김지훈 기자 | 미국 도널드  트럼프  행정부가  일 현지시간  캐나다 멕시코 중국 등  뉴욕증시  대 지수는 전날  트럼프  대통령의 관세 강행 예고 여파로 하락 마감한 데 이어 이날 캐나다와 멕시코  ,0
125,미국 관세 인상에 중국 캐나다 멕시코  맞불 관세 ,0,중국과 캐나다  멕시코가 미국 도널드  트럼프  행정부의 관세 인상에 반발하며 보복관세로 맞불을 놓고   트럼프   기 행정부 때 여러 품목에 부과한   관세가 여전히 유효하기 때문에 중국 입장에선 이날부터 자국 생산  ,0
126, 며칠 내 실감할 것 유통업계  관세 탓에 가격 인상 불가피 ,1, 며칠이면 실감할 것이다  도널드  트럼프  미국 대통령이 촉발한 관세전쟁 여파로 미국 소비자들은  그러면서  트럼프  관세  여파로 조만간 상품 가격 인상이 불가피할 것으로 예상된다고 경고했다고   방송 등 미  ,0
127, 글로벌마켓 모닝 브리핑  시장   트럼프  관세 충격에 이틀째  혼란 ,1,이투데이 배준호 기자 | 뉴욕증시 마감 도널드  트럼프  미국 대통령의 관세 부과에 경제 충격파에 대한  캐나다는 미국산 상품에   관세로 맞대응하겠다고 나섰는데  트럼프  대통령이 또다시 더 높은 관세를  ,0
128,뉴욕유가   트럼프  관세  증산에 사흘째 하락세,0,도널드  트럼프  미국 대통령이 본격적으로 관세 정책을 시행하면서 경기 둔화 우려가 겹친 데다 주요   트럼프 가 강경 관세 정책을 본격적으로 밀어붙이면서 경기둔화 우려가 빠르게 확산되고 있다  미국 소비자들의  ,0
129,뉴욕연은 총재  트럼프  관세 효과  올해 후반부터 물가 상승 ,0,미국 뉴욕 연방준비은행 연은  존 윌리엄스 총재는 도널드  트럼프  행정부의 관세 정책이 연내 물가 상승에  윌리엄스 총재는  통화 정책을 설정할 때  트럼프  대통령의 관세뿐만 아니라 더 광범위한 정책들도 주의깊게  ,0
130,레딧 공동창업자  틱톡 미국 사업권 인수전 참여,1,틱톡은 이른바  틱톡금지법  시행을 목전에 둔  월  일 미국에서 서비스를 중단했다가 도널드  트럼프  대통령이 금지 조치 시행을  일 연기하면서 서비스를 복구했다   트럼프  행정부가 틱톡 인수자를 물색하는 가운데  ,0
131,뉴욕 증시   트럼프  관세 정책 여파로 일제히 하락,0,미국 뉴욕 증시가  일 현지시간   트럼프  대통령의 관세 정책과 이에 대한 보복 조치로 하락 마감했다   트럼프  대통령이 캐나다와 멕시코산 수입품에   관세를 부과하자  캐나다는  억 캐나다달러 규모의  ,0
132, 뉴욕증시 마감 관세전쟁 격화하며 이틀째 급락 다우  ,0,  뉴욕증권거래소  사진 연합뉴스  미국 도널드  트럼프  행정부가 멕시코 캐나다 중국 수입품에  뉴욕증시  대 지수는 전날  트럼프  대통령의 관세 강행 예고 여파로 하락 마감한 데 이어 이날 캐나다  ,0
133,관세전쟁  악화 뉴욕증시  막판 급랭 ,0,도널드  트럼프  대통령이 예고한대로 이날 주요 무역국에 대한 관세 부과가 시행된 가운데 상대국들도  또한   트럼프  대통령은 중국산 제품에 대해서는 지난달에 부과한  의 관세에 더해  를 추가로 부과했다  ,0
134, 뉴욕유가   트럼프  관세  증산에 사흘째 하락   ,0,도널드  트럼프  미국 대통령이 본격적으로 관세 정책을 시행하면서 경기 둔화 우려가 겹친 데다 주요   트럼프 가 강경 관세 정책을 본격적으로 밀어붙이면서 경기둔화 우려가 빠르게 확산되고 있다  미국 소비자들의  ,0
135, 지역경제회복  상공계가 나선다  부산 상공계   대 핵심전략 으로 ,0,국내 정책 불확실성의 확대와 내수 침체 장기화로 인한 기업 환경 악화  대외적으로는 수출 감소   트럼프   기 행정부 출범 등 대외환경 불확실성 등이 그 원인이다  지역 경기가 이처럼 침체국면을 벗어나지 못하자  ,0
136, 오늘의 경제뉴스   년만에 주식 복수거래체제 돌입 넥스트레이드  ,1,도널드  트럼프  미국 대통령   사진 연합    미  캐 멕 중 관세 부과 실행 북미 국  미중 무역전쟁 본격화 미국 도널드  트럼프  행정부는  일 미국 동부시간  멕시코 캐나다 중국 등  개국산 수입품에 대한 신규 관세  ,0
137,관세 충격에 투자자 안전자산 선호 채권값 고공행진,0,이투데이 정회인 기자 | 미 연방준비제도 연준 의 금리 인하 조절에 약세를 보이던 채권시장이  트럼프  미국 대통령의 관세 폭탄 소식에 활짝 웃었다   트럼프  대통령의 도통 종잡을 수 없는 관세 전쟁이 가속하자  ,0
138,미국 국방차관 후보자  전작권 전환 관련  한국 역할 강화 노력 지지 ,1,미국 도널드  트럼프   기 행정부 국방차관 후보자가 한국에 대한 전시작전통제권 전작권  전환을 지지하는  콜비 후보자는  이는 민감한 문제로 신중하게 검토해야 할 필요가 있다 면서도  트럼프  대통령의 비전에는  ,0
139, 국제유가 톺아보기   트럼프  관세 정책 여파 등으로 하락   ,0,도널드  트럼프  미국 대통령이 본격적으로 관세 정책을 시행하면서 경기 둔화 우려로 국제유가가 사흘째   트럼프  대통령이 캐나다와 멕시코  중국에 예정대로 관세를 부과하자 각 국의 보복 대응이 이어지면서  ,0
140, 주요 신문 사설 일 조간 ,0,  경향신문   부정선거론에 올라타 사전투표제 폐지 추진  국힘 공당 맞나 경제  트리플 감소 에  트럼프  건가  트럼프 가 뒤흔드는 국제질서  너무나 낯설어진 미국   한겨레   마은혁 임명 않는 최상목  헌법 무시하며  ,0
141, 월  일  미국발 관세 여파  뉴욕증시 하락세  비철금속 시장 혼조 마 ,0, 트럼프  행정부는 전날 멕시코와 캐나다산 수입품에 대해  의 관세를 부과하는 조치를 강행했으며  중국산   트럼프  행정부가 마약 문제 등의 목표를 달성하기 위해 경제적 타격을 감수할 가능성이 크다는 점을 시장이  ,0
142,내우외환 코스피  힘을 내요   분 브리프 ,0,     미 뉴욕증시  대 지수  이틀 연속 일제 급락  트럼프  관세부과에 각국 보복 조치 시사  관세  경기침체 가능성 우려 확산          협상 없다   트럼프  멕    관세 강행  추가 관세   ,0
143,관세전쟁 반격   굴복   협상,1,더피알 오승호 편집인   도널드  트럼프  미국 대통령의 관세 정책이 현실화하면서 각 나라의 대응 방식도 관심사로 떠오르고 있다   트럼프  대통령은  일부터 동맹국인 캐나다와 멕시코에  의 관세 부과를 시작한데  ,0
144, 알트코인 열전 잘나갔던 카르다노 에이다  전성기 다시올까,1,같은해  월엔 호스킨슨이  사회관계망 인  옛 트위터 에 도널드  트럼프  미국 대통령의 가상자산 규제 자문에 참여할 거라는 영상을 올리면서 가격이 급등하기도 했습니다  지난달엔 그레이스케일이 에이다  를  ,0
145,엔비디아   트럼프  관세 우려 극복    관련주 반등 주도,0,엔비디아 가 도널드  트럼프  대통령의 관세 정책 우려를 극복하며   관련 주 반등을 주도했다   일  시장에서는  트럼프  대통령이 부과한 관세가 미국 경제와 금리 정책에 미칠 영향에 대해 우려하고 있다  이로  ,0
146, 전국 주요 신문 톱뉴스 일 조간 ,1,  경향신문    트럼프   우크라에 군사원조 전면 중단    국민일보    멕 관세 강행 무역전쟁 본격 돌입   동아일보    트럼프  우크라에 러 때릴 무기지원 끊었다   매일일보   재계  상법개정안   월 국회에 촉각  ,0
147, 데스크칼럼   트럼프    시대  스포츠계도  카오스 ,0, 남자 선수들이 여자 선수들을 때리는 것을 더 이상 보고 있지 않겠다  잘 알려진대로 도널드  트럼프   기 체제가 지난  월 일 이하 현지시각  공식 출범했다   트럼프 는 취임 당일에만  개의 행정명령에 서명하며 전임  ,0
148,트뤼도  트럼프  관세  어리석은 짓 캐나다   조원 규모 보복관세  ,0,쥐스탱 트뤼도 캐나다 총리는  일 현지시간  도널드  트럼프  미국 대통령의   관세 부과를 두고  어리석은  트뤼도 총리는 이날 캐나다 오타와 의회에서 기자회견을 열고  트럼프  행정부가 강행한 관세 부과에 대해  ,0
149, 국제유가    관세 정책  증산에 하락   ,0,도널드  트럼프  미국 대통령이 캐나다와 멕시코  중국에 예정대로 관세를 부과하고 상대국도 대응에  것처럼 보이는데 이는  트럼프 의 횡포와 관련됐을 가능성이 크다 고 분석했다   신아일보  문룡식 기자,0
150,  시장 흔들려도 강세장 유지  비트코인  새 역사 쓸 준비 완료 ,0,더크립토베이직은 이번 하락장에서 비트코인의 조기 상승 사이클 종료는 대형 투자자 고래  채굴업체  전통 금융  기관  심지어 도널드  트럼프   까지 다양한 이해관계자들에게 불리할 것이라고  ,0
151, 단독  민주당   국부펀드  전략산업 부흥 핵심 열쇠로 검토,0,미국의 경우 도널드  트럼프  대통령이 지난달  일 현지시간  국부펀드 설립을 지시하는 내용의 행정명령에  이 대표 측 고위 관계자는  미국  트럼프  행정부처럼 국가가 전략산업을 주도하는 형태로 세계 트렌드가 바뀌고  ,0
152,미   항모 한국 입항  김여정 비난에  한국 방어 공약 분명 ,1,항공모함인 칼빈슨함은 순양함 프린스턴함과 이지스 구축함 스터렛함과 함께 지난  일 부산에 입항했습니다  미군 항모의 국내 입항은 지난해  월 이후  개월 만이며  지난  월  일  트럼프  행정부 출범 이후 처음입니다 ,0
153, 또럼프 관세 쇼크   증시 불안한 선방 언제까지 오늘증시전망 ,0,도널드  트럼프  대통령의 관세 전쟁으로 미국 증시가 크게 흔들리는 가운데 한국 증시가 낙폭 만회 혹은  전일 국내 증시는 연휴 기간 중  트럼프 의 관세 부과 공식화    동반 약세 등 미국발 악재로 하락 출발했으나  ,0
154,  나토대사 후보  동맹국 국방비    로 늘려야 집단방위 철통 ,0, 통신  더힐 등에 따르면 휘태커 후보자는  일 현지 시간  상원 외교위원회 인사청문회에 출석해  트럼프  행정부의 유럽 안보정책 기조를 설명했다  그는  트럼프  대통령은 미국과 나토가  힘을 통한 평화  원칙에  ,0
155, 트럼프 의 마이웨이 관세전쟁은 확대  우크라엔 무기중단 뉴스쏙 속 ,0,  방송     아침뉴스   시간   월 금     채널   표준        트럼프  우크라 무기 지원 중단 정상회담에서 볼로디미르 젤렌스키 대통령을 공개 면박줬던  트럼프  미국 대통령이 우크라이나에 대한 군사 지원을  ,0
156,   항모 한국 입항   김여정 비난에 한국방어 공약 분명 ,1,칼빈슨함은 같은 항모강습단 소속 순양함 프린스턴함  이지스 구축함 스터렛함과 함께 지난  일 부산에 입항했다  미군 항모의 국내 입항은 지난해  월 이후 약  개월 만이며  지난  월  일  트럼프  행정부 출범 이후 처음이다 ,0
157, 관세에  멕   보복관세   트럼프  세계무역전쟁  격화,1,도널드  트럼프  미국 대통령이 일방적으로 시작한  관세 전쟁 이 격화하는 양상이다   연합뉴스 미국과  특히  트럼프  대통령의  관세 무기화 는 이제 시작을 알렸을 뿐이고 앞으로 더 많은 국가와 품목이 표적이 될  ,0
158,한동훈  북콘서트  오세훈   예방 보폭 넓히는 잠룡,0, 트럼프  미국 대통령의 이른바  를 연상케 하는  를 슬로건으로 내놓은 오세훈 서울시장은 세제 개혁과 규제 완화를 국가 발전 전략으로 하는 경제 구상을 발표했습니다  이명박 전 대통령과도 만났습니다  ,0
159, 이슈분석   트럼프 의  관세 전쟁  발발 글로벌 증시 향방은 ,1,대표  트럼프  대통령이 결국 캐나다와 멕시코에 고관세를 부과했습니다  더불어 중국에는 추가 관세를 부과하면서 그야말로 총성 없는 관세 전쟁이 벌어지고 있는데요  해당 국가들은 맞불 정책을 내놓자  트럼프  대통령  ,0
160,트뤼도  트럼프  관세로 캐나다 경제 무너뜨려 병합하려는 것 ,0,이투데이 고대영 기자 |  트럼프   캐나다 보복 시 상응한 추가 조치  쥐스탱 트뤼도 캐나다 총리가 도널드  트럼프  미국 대통령의 관세 정책을 강도 높게 비판했다   일 현지시간  블룸버그통신에 따르면 트뤼도 총리는  ,0
161,미국 관세에 캐나다 멕시코  보복관세 무역 전쟁 본격화,1, 트럼프  행정부의 관세 부과에 캐나다와 멕시코는 보복 관세로 맞섰습니다   트럼프  대통령은 보복 관세엔 상호 관세로 대응하겠다고 예고하면서 무역 전쟁이 본격적으로 시작됐습니다  미국 뉴욕에서 이승윤  ,0
162, 황금알    틱톡  레딧 창업자도 인수전 참여,1,도널드  트럼프  대통령은 지난  월 마이크로소프트 가 틱톡 인수 협상을 진행 중이라고 언급하기도 했다  틱톡은 이른바  틱톡금지법  시행을 목전에 두고  월  일 미국에서 서비스를 중단됐지만  트럼프  대통령이  ,0
163,  유통업체  관세 영향 바나나 아보카도 등 인상 불가피 ,1,미국 대형 유통업체들은  일 현지시간  도널드  트럼프  행정부의 관세 조치로 인해 소비자들이 멕시코산  또한  트럼프  행정부의 관세 부과로 인해 상품 가격 인상이 불가피할 것이라고 전망했다  브라이언 코넬 타깃  ,0
164, 캐나다 멕시코   관세  하루 만에 미  이르면 내일 완화 방안 발 ,1, 트럼프  행정부가 멕시코 및 캐나다산 제품에 대한 관세 완화 방안을 이르면  일 현지시각  발표할 가능성이  이어  트럼프  대통령이 이들과 타협점을 찾을 것으로 보이며  단순한  일시 중지 가 아니라  너희가 더  ,0
165, 상무장관   캐나다 멕시코 관세 경감  가능성 시사 일 발표 ,1,이에 대해 미  는  의 관세에서 적어도 일부를 경감하는 방안이 포함될 가능성이 높다 면서  이날 도널드  트럼프  대통령이 촉발한  관세 전쟁 에 미 증시가 급락하는 등 투심이 악화되자 이에 따른 대응으로  ,0
166,광물협정 전격 체결되나    멕  관세 경감 시사 이태규의 워싱턴 ,1,하워드 러트닉 미 상무장관은 도널드  트럼프  미국 대통령이 멕시코  캐나다와 타협을 고려 중이라고 말했습니다  뉴욕증시 장 막판 이 같은 소식이 전해지며 하락분을 소폭 만회했습니다  로이터  트럼프  의회 연설서  ,0
167,유독 눈에 띄는 중국의 관세 타깃 트럼프  지지기반 노렸다  굿모닝경 ,0,중국이  트럼프 에게 타격이 있을 만한 조치를 내놓은 것 같아요   석병훈  그렇습니다  이번에 중국이  트럼프 에게 큰 타격을 줄 만한 조치를 내놓은 것이 농산물에 대해서 관세를 부과하겠다는 점입니다  사실 이번에  ,0
168,  뉴욕증시  관세 전쟁 격화 양상에 이틀째 하락,0,미국 도널드  트럼프  행정부가  일 현지시간  멕시코 캐나다 중국의 수입품에 신규 관세 부과를 발효하고  뉴욕증시  대 지수는 전날  트럼프  대통령의 관세 강행 예고 여파로 하락 마감한 데 이어 이날 캐나다와  ,0
169,젤렌스키  백악관 일 유감 로이터  트럼프  광물협정 발표 원해 ,0,지난 달  일 초유의  말다툼 회담  장면을 연출했던 젤렌스키 대통령과 도널드  트럼프  미국 대통령은 곧  로이터통신은  트럼프  대통령은 이날 오후  시 분 한국시간  일 오전  시  분  상 하원 합동회의 연설 때 협정  ,0
170, 코스피  미 감세안 정치 정상화 감안시 매수 추천 ,1, 투자증권은  일  트럼프 발  관세 전쟁 격화에  코스피는 미 감세안과 한국 정치 상황 정상화 감안시 매수 추천을 유지한다 고 밝혔다  이 증권사 김병연 연구원은  트럼프   기 정책이 금융시장에 미칠 향후 관전  ,0
171,젤렌스키  백악관 일 유감 로이터  트럼프  광물협정 발표 원해 ,0,지난 달  일 초유의  말다툼 회담  장면을 연출했던 젤렌스키 대통령과 도널드  트럼프  미국 대통령은 곧  로이터통신은  트럼프  대통령은 이날 오후  시 분 한국시간  일 오전  시  분  상 하원 합동회의 연설 때 협정  ,0
172, 대장주라 믿었는데 트럼프  취임 후 기술주    뚝 반도체  ,0,엔비디아   트럼프  백악관 재입성 이후   넘게 급락 테슬라   트럼프  취임 후 주가  분의   이상 떨어져  관세  위험 회피 심리에 불붙여 반도체  도   지난  일 현지시간  미국 워싱턴   백악관 집무실에서  ,0
173,레딧 공동 창업자  틱톡 인수전에 합류하며 탈중앙화 운영 계획 밝혀,1,한편  도널드  트럼프  대통령은 지난  월 마이크로소프트가 틱톡 인수 협상을 진행 중이라고 언급한 바 있다  틱톡은  틱톡금지법  시행을 앞두고 서비스 중단 위기에 처했으나   트럼프  대통령의 금지 조치 연기로 인해  ,0
174,캐나다  어리석은 짓  관세 맞불 놓자 트럼프  즉각 날린 경고,0, 트럼프  대통령은 캐나다의 보복만큼 관세를 추가로 올리겠다며 맞불을 놨습니다  로스앤젤레스 홍지은 특파원입니다   기자  도널드  트럼프  미국 대통령이 현지시간  일 자정부터 캐나다와 멕시코에   관세를  ,0
175,힘 못쓰는 비트코인 진짜 바닥은 얼마일까,0,지난 주말 도널드  트럼프  대통령의 가상자산 전략 비축 소식으로 상승했으나 관세 인상 추진이 겹치며  기사의 이해를 돕기 위한 이미지 출처 챗  비트코인 가격은 지난  일 현지시간   트럼프  대통령이  ,0
176, 종합  뉴욕증시   트럼프 발 관세전쟁 충격에 이틀째 하락 다우  ,0,이투데이 정영인 기자 | 중국  즉각 보복 트럼프  캐나다 맞관세에  또 관세    포드  등 수입 많은 기업 타격 시장   트럼프  재집권 첫 의회 연설에 주목    개월여만 최저수준  도널드  ,0
177,미국  수입품 관세 폭탄에 세계 경제 요동  다우 나스닥  휘청 ,1,전날  트럼프  대통령의 관세 강행 예고 여파로 하락 마감한 데 이어 이날 캐나다와 멕시코  중국의 보복 대응 발표 및 예고로 이틀 연속 하락하며 낙폭을 키우는 모습이다  다우지수와     지수는  트럼프  관세 여파로  ,0
178, 트럼프   캐나다  보복관세  부과시 상호관세 즉시 인상 부과 ,1,도널드  트럼프  미국 대통령은  일 현지시간 부터 부과하기 시작한 대 캐나다  의 관세에 대해 캐나다 측이  보복관세 로 맞불을 놓자 이에 상응하는 상호관세를 추가로 즉각 부과하겠다고 다시 맞받았다   트럼프  ,0
179, 트럼프  관세전쟁에 다우지수   하락  월가월부 ,0,타겟    올해 기대치 조정  뉴욕 연은 총재  관세 효과 올해 일부 나타날 것  도널드  트럼프  미국  이날  트럼프  행정부는 캐나다와 멕시코에  씩  중국에  포인트 추가 관세를 부과하기 시작했고 대상국들이  ,0
180,뉴욕 증시   관세 전쟁  격화에 하락 마감,0, 트럼프  행정부의  관세정책 이 계속 주식시장의 발목을 잡고 있습니다   트럼프  대통령의 고율 관세에 대상국들이 보복에 나서면서  관세 전쟁이 악화될 것이라는 우려가 시장을 짓눌렀습니다  종목별로 살펴보면  ,0
181,홈플러스  신용등급   하향   떠넘기기  논란,0,국내  위 철강사 현대제철은 국내 건설경기 침체와 중국발 과잉 공급으로 어려움을 겪어 왔는데요   트럼프   기 행정부의 관세 우려까지 맞물리며 먹구름이 낀 상황입니다   앵커    잘 들었습니다 ,0
182, 한 미 일 방어 공약  미 국방부 대변인 김여정 비난엔  노코멘트 ,0,의지와 능력을 시험하려 들지 말아야 한다 고 강조했다  한편  칼빈슨함은 지난  일 부산에 입항했다  미군 항모의 국내 입항은 지난해  월 이후 약  개월 만이다  재출범한 도널드  트럼프  행정부에서는 처음 있는 일이다 ,0
183,   트럼프  관세 에 캐나다 멕시코 중국 보복관세 무역전쟁 격화,1,특히 캐나다와 멕시코는 미국 멕시코 캐나다 무역협정 을 체결해 서로 관세를 적용하지 않기로 했지만   트럼프  대통령은 기존 관계와 협정을 무시하고 관세를 강행했다  중국은  트럼프   기 행정부가 여러 품목에  ,0
184, 상무  이르면  일 멕 캐 관세 감면 발표할수도 종합 ,0, 일 현지시간  워싱턴   백악관 대통령 집무실에서 도널드  트럼프  미국 대통령이 상호 관세에 관한 각서에  제시하려했고   트럼프  대통령도 이를 경청하고 있다 며  나는  트럼프  대통령이 그들과 어떤 합의를  ,0
185,레딧 공동창업자  틱톡의  사업권 인수전 참여 선언,1,도널드  트럼프  대통령은 지난  월 마이크로소프트 가 틱톡 인수 협상을 진행 중이라고 언급한 바 있다  틱톡은 이른바  틱톡금지법  시행을 목전에 둔  월  일 미국에서 서비스를 중단했다가  트럼프  대통령이 금지  ,0
186,직장폐쇄에 희망퇴직까지   서강현 현대제철 사장 리더십 시험대  이슈 ,1,글로벌 철강 경기 둔화 및 수요 부진  중국발 과잉 공급과 단가 하락 등에  트럼프   기 관세 부과까지  회사는  트럼프 발 철강 관세 인상 등으로 올해 전망도 좋지 않아 기본급  만 원 인상에 더해  기본급  만 원  ,0
187, 부자들의 투자노트  칼라일    트럼프  관세발 변동성에 대비해야 ,0, 트럼프  대통령이 예정대로 캐나다와 멕시코에   관세를 부과하고  중국에   추가 관세를 단행했죠  세 국가 모두 보복 관세를 발표하면서 갈등이 갈수록 격화되고 있는데요  이 여파로 뉴욕증시는 오늘도 급락했습니다  ,0
188, 트럼프   비트코인  쓸어 담는다  정부 직접 보유 선언,1,도널드  트럼프  미국 대통령이 가상자산 산업 육성을 위한  가상자산 전략 비축 을 공식적으로 추진하겠다고      정부 가상자산 비축 추진 비트코인 이더리움 중심  일 현지시간   트럼프  대통령은 자신이 설립한  ,0
189, 리플   소송 결과 드디어 나오나 엑스알피  원대 진입,0,도널드  트럼프  대통령은 리플과 긍정적인 관계를 유지하고 있으며  리플   브래드 갈링하우스는  트럼프 와 회동한 바 있다  그러나   내부에서는 리플 소송 종료에 대한 의견이 엇갈리고 있으며  일부 법률  ,0
190, 기자수첩  미국  트럼프 의  억달러 제안서 와  칩스법 ,1,무엇보다 국내 반도체 업계에 현재  미국 도널드  트럼프  행정부가 추진 중인 자국우선주의 및 대중국 견제  세부안을  트럼프  대통령에 보고해야 한다  이에 산업계는 철강 알루미늄   관세 등은 예고편에 불과할  ,0
191, 트럼프    관세   폭탄 투하 무역전쟁 다시 불붙었다,1,도널드  트럼프  미국 대통령이 예고했던 대중  추가 관세 인상을  일 현지시간  공식 확정했다   트럼프  대통령은 이날 백악관에서 중국산 수입품에 대해 기존  에 추가로  의 관세를 부과하는 행정명령에  ,0
192,캐나다   에 즉시 보복관세  경제에 부메랑 조짐,1, 트럼프  미국 대통령이 쏘아올린 관세폭탄에 캐나다와 중국 등 상대국이 보복 관세로 맞불을 놓고 있습니다   트럼프  미국 대통령이 캐나다와 멕시코에   중국에 총   등  개국 수입품에 대한 관세 부과를 시행하자  ,0
193, 트럼프  관세폭탄  멕시코 푸에블라  개 기업에  직격탄  우려,0,멕시코 인톨레란시아 디아리오가 지난  일 현지시각  보도한 내용에 따르면  미국 도널드  트럼프  대통령이  체드라위 장관은  대선 후보 도널드  트럼프 가 출마를 선언한 이후부터 이미 수출이 일시적으로 중단되었다고  ,0
194,미국 태양광 산업 위기  선노바 에너지  주가   폭락,1, 트럼프  행정부와 미국 의회는 태양광 산업이 의존하는 세금 혜택을 줄이려는 움직임을 보이고 있어 상황이 악화되고 있으며  이런 정치적 불확실성은 태양광 산업 전체에 나쁜 영향을 미치고 있다는 분석이다  ,0
195,젤렌스키  우크라 공중 해상 휴전  제안 트럼프 에  백기 ,1,지난달  일  트럼프  대통령과의 정상회담을 파국으로 마친 뒤 기 싸움을 이어왔지만   트럼프  미국 대통령이 무기 지원을 중단하며 압박에 나서자 결국  백기 를 든 것으로 보입니다  첫 소식   주원진 기자의 보도입니다  ,0
196,뉴욕증시  관세전쟁 격화 양상에  대지수 하락 다우  ,0,미국 도널드  트럼프  행정부가  일 현지시간  멕시코 캐나다 중국 등  개국산 수입품에 신규 관세 부과를  뉴욕증시  대 지수는 전날  트럼프  대통령의 관세 강행 예고 여파로 하락 마감한 데 이어 이날 캐나다와  ,0
197,미국 국채  가파른  불 스팁 관세가 자극한 금리인하 기대감,0, 트럼프  대통령이 예정대로 캐나다와 멕시코의 모든 수입품에  의 관세를 부과하기로 하면서 국채매수  도널드  트럼프  미국 대통령의 관세 강행으로 경기둔화 우려가 커지면서 연방준비제도 연준 의 금리인하  ,0
198,     충돌 나스닥   하락  테슬라 인텔  추락 ,0,미국 경제방송  는  트럼프  미국 대통령은 이날부터 멕시코 캐나다 제품에는   관세를  중국 제품에는   관세를 각각 부과했고 중국  캐나다  멕시코도 맞대응에 나서면서 글로벌 무역전쟁이 본격화 했다  ,0
199, 트럼프 의 어리석은 무역전쟁 에  주가 이틀째 급락,1, 트럼프 발 무역전쟁 격화에 월가에  공포  급속 확산  트럼프 발 관세전쟁 격화로  일 현지시간  미국주가가 이틀 연속 급락했다  이날 욕증권거래소 에서 다우존스 산업평균지수는 전 거래일보다  포인트  ,0
200,미 연준의 경제 전망과 관세 영향 분석,1,사진출처  연합뉴스 뉴욕 연방준비은행 총재인 존 윌리엄스가 최근 블룸버그 인베스트 콘퍼런스에서  트럼프  행정부의 관세 정책이 물가에 미칠 영향이 올해 안에 나타날 것이라고  ,0
201, 트럼프 발  관세전쟁  불안 우려 뉴욕증시 이틀째 하락,0, 트럼프 발   관세 전쟁 이 본격화되면서 뉴욕증시는 이틀째 하락세를 면치 못했다   트럼프  미국 대통령이 캐나다 멕시코 중국에 부과한 고율 관세가 이날부터 발효됨에 따라 향후 관세 전쟁이 확대 악화될  ,0
202,흔들리는   증시 트럼프  풋  기대  고조   앵커의 물음표 ,0, 관세로 흔들린   증시 트럼프  풋 은 언제 미국 기술주는 간밤 오름세를 보였지만 어제 낙폭만큼을 다  캐나다는 약  조원 규모의 미국산 수입품에 대한 보복관세를 예고했는데   트럼프  미국 대통령은 캐나다가  ,0
203,미 유통업체  관세 탓 가격 인상 불가피 며칠 내 소비자 체감 ,1,  베스트바이 매장 미국의 대형 유통업체들은 도널드  트럼프  행정부가 촉발한 관세전쟁 영향 탓에  그러면서  트럼프  관세  여파로 조만간 상품 가격 인상이 불가피할 것으로 예상된다고 경고했습니다  브라이언 코넬  ,0
204,조한범  젤렌스키가 깨졌다  오히려 잘했다 한판승부 ,1, 트럼프  대통령이 고마워 해야 돼  고마워하고 있어요  막 이렇게 얘기하는 장면인데 뭐랄까 이게 의도된 것이냐  젤렌스키가 밴스와  트럼프 의 설정에 걸려든 것이다  아니다  그 반대다  이런 시각인데 일단 조 위원님  ,0
205,로이터  트럼프  의회 연설에서 광물협정 합의 발표 원해 ,1,로이터통신은  트럼프  대통령이 오늘 상 하원 합동회의 연설에서 광물협정 합의를 발표하길 희망한다고  광물협정은  트럼프  대통령이 우크라이나 전쟁 이후 미국이 제공한 지원에 대한 대가로 요구한 것으로 우크라이나  ,0
206, 이시각헤드라인   월  일 라이브 투데이  부,1, 트뤼도  보복관세 발효 트럼프   상호관세  미국의 관세 부과에 대응하기 위해 트뤼도 캐나다 총리가 미국산 수입품에 보복 관세를 즉각 발효한다고 밝혔습니다   트럼프  미국 대통령은 상호 관세로 대응하겠다며 또  ,0
207,캐나다 총리   트럼프 의  어리석은  관세에 강력 대응 예고,1,쥐스탱 트뤼도 캐나다 총리는 도널드  트럼프  미국 대통령이 자국에   관세를 부과한 것에 대해  어리석은  트뤼도 총리는  일 오타와에서 기자회견을 열고  트럼프  행정부의 관세 부과가 정당성이 없으며 필요하지  ,0
208, 연합뉴스 이 시각 헤드라인     ,1,   트럼프     에 보복하면 같은 금액만큼 상호관세 즉시 부과  도널드  트럼프  미국 대통령은  일 현지시간 부터 부과하기 시작한 대 캐나다  의 관세에 대해 캐나다 측이  보복관세 로 맞불을 놓자 이에  ,0
209, 트럼프 의 암호화폐 서밋   솔라나 포함 전략적 준비금 논의될까,0,암호화폐 전문매체 코인텔레그래프에 따르면  도널드  트럼프    미국 대통령이  월  일  또한   트럼프  대통령과 디지털 자산 정책 그룹이 논의를 주도할 것으로 보인다  코인텔레그래프에 따르면  ,0
210,  타겟  분기 실적   유의미하게  악화 예상 주가  ,0,타겟의 브라이언 코넬 최고경영자 는 미국  와의 인터뷰에서 도널드  트럼프  미국 대통령이 멕시코산 수입품에  의 관세를 부과하는 조치로 타겟 및 다른 식료품 업체는 바나나나 딸기 등 농산물 가격 인상  ,0
211,기술주 분석의 달인  과대평가됐던 기술주 주가  기다렸던 저점 ,0,도널드  트럼프  대통령의 관세 강행 조치와 상대국의 보복 조치가 투자심리를 위축시킨 가운데 벌어진 일이다  개장 후  시간가량 지난 시점  나스닥지수는 전일 대비   급락한  까지 내려갔었다  그러나  ,0
212,관세전쟁 격화에 뉴욕증시 또 하락   테슬라는   판매 반토막에   급 ,0,도널드  트럼프  미국 대통령이 캐나다와 멕시코  중국의 모든 수입품에 부과하는 고율 관세가 이날부터 발효된 가운데 대상국들이 보복에 나서면서 관세전쟁이 본격화할 것이라는 우려가 시장을 짓눌렀다   트럼프  ,0
213,리플  주요 지지선 확보하며 사상 최고가 교두보 마련,1,리플 가격이  트럼프 의 가상화폐 전략적 비축금 포함 발표 후 랠리를 통한 상승분 대부분을 반환하는 과정에서 향후 움직임을 결정할 주요 지원 수준이 결정된 것으로 보인다  트레이딩뷰 커뮤니티 가상화폐 분석가  ,0
214, 푸틴  미국 이란 핵 관련 소통 중재 돕기로 트럼프  요청 ,1,러시아 소식통에 따르면 도널드  트럼프  미국 대통령은 지난달  일 푸틴 대통령과 전화 통화하면서 직접   트럼프  대통령은  기 집권 때인  년에 일방적으로 이란 핵합의 포괄적 공동행동계획 를 파기하고 대이란  ,0
215,뉴욕 유가   트럼프  관세 전쟁 우려로   하락,0, 트럼프  미국 대통령의 본격적인 관세 정책 시행으로 경기 둔화 우려가 확산하면서 뉴욕 유가가 사흘 연속   트럼프 가 강경 관세 정책을 본격적으로 밀어붙이면서 경기둔화 우려가 빠르게 확산하고 있습니다  미국  ,0
216,  상승 지속할까   달러    달러  기로 ,0,코인게이프는  의 최근 조정이 도널드  트럼프   가  를 포함한 암호화폐 전략적 준비금을 발표한 후 급등한 흐름에 대한 되돌림 과정이라고 설명했다  그러나 시장 구조는 여전히 유효하며  주간  ,0
217,국무부 부장관 지명자  중국 부상 대응 위해 한일 등과 협력해야 ,0,그러면서 미국은 더 이상 공정한 분담금을 지불하지 않는 국가들을 지원하지 않을 것이라고 강조했습니다 트럼프  대통령은 나토 회원국뿐만 아니라 한국 등 동맹국들이 방위비를  ,0
218, 트럼프  캐나다가 보복하면  즉시 상호관세 부과  위협,0,도널드  트럼프  미국 대통령은  일 현지시간  관세 부과에 캐나다가 보복할 경우 즉시 상호관세를 추가 부과하겠다고 위협했다   트럼프  대통령은 이날 소셜미디어  트루스소셜에  캐나다의  쥐스탱  트뤼도 주지사에게  ,0
219, 뉴욕    달러화  관세 전쟁 역풍 우려에 하락 엔,0, 트럼프  대통령은 전날 멕시코와 캐나다에 대한   관세가 예정대로 발효될 것이며 새로운 수입 관세를 협상할 여지가 없다고 밝혔다  또  트럼프  대통령은 중국산 제품에  의 관세를 추가로 부과했다  중국에  ,0
220,미국 관세에 캐나다 멕시코 중국 보복관세  세계  무역전쟁  격화,1,도널드  트럼프  미국 대통령이 일방적으로 시작한  관세 전쟁 이 격화하는 양상입니다  미국은 이날부터  했지만   트럼프  대통령은 기존 관계와 협정을 무시하고 관세를 강행했습니다   트럼프   기 행정부 때 미국과  ,0
221,유로화  방위비 지출 확대 등 여파로 최고치  증시는 관세폭탄으로 급 ,1,도널드  트럼프  미국 대통령이 전날 캐나다와 멕시코에 관세 부과를 확정하면서  와 통상갈등도 가시화하고 있으나 유로화 강세에 영향을 미치지는 못했다  유로화는 지난해  월  트럼프  대통령 당선 이후  ,0
222, 트럼프  관세 전쟁 시작 뉴욕증시 나스닥 다우 지수 하락  마감 ,0,도널드  트럼프  미국 대통령이 캐나다와 멕시코에 각각  의 관세를 부과하고  중국 상품에  의 추가관세를 적용한 후  중국은 미국 제품에  의 보복 관세를 부과할 예정이다  멕시코의 클라우디아  ,0
223,중국 전인대 오늘 개막 민영기업 육성 통해  경제 새판  짜나,1,도널드  트럼프  대통령 취임 후 미국이 중국을 상대로 무역전쟁에 나선 상황에서 중국은 재작년 및 작년과 같은   안팎 을 성장 목표로 제시할 것으로 예상된다  이는 세계은행 과 경제협력개발기구  ,0
224,뉴욕연은 총재  트럼프  관세정책 물가 영향 연내 나타날 것 ,0,존 윌리엄스  실제 영향은 불확실성 있어  존 윌리엄스 뉴욕연방준비은행 총재  헤럴드  미국 뉴욕 연방준비은행 연은  존 윌리엄스 총재는  일 현지시간  도널드  트럼프  미 행정부의 관세 정책이 물가에 미치는 영향이  ,0
225, 머스크랑 대조  테슬라   최고점 대비   하락  이유가,0,테슬라 주가는  트럼프  대통령 당선 이후 기대감으로 상승했지만  최근 다시 하락세를 보이고 있다  지난달  일 현지시간  기준 테슬라 주가는  달러로  작년  월 최고치 달러  대비   수준이다  블룸버그  ,0
226,젤렌스키  트럼프 와의 언쟁 유감 평화협상 준비했다 ,0,도널드  트럼프  미국 대통령과의 회담을 두고  유감스럽다 고 평가하며 평화 협상을 위한 입장을 밝혔다  젤렌스키 대통령은  우크라이나는 미국과 희귀광물 채굴권 계약을 체결할 준비를 마쳤다 며  트럼프  ,0
227, 저가 매수  리플   급등한  달러에 거래돼,0,전일 암호화폐는  트럼프 의 암호화폐 준비금 계획안이 구체성이 없다는 이유로 일제히 급락했었다  그러나 오늘은 전일 급락에 따른 저가 매수가 대거 유입되며 일제히 상승하고 있는 것으로 보인다 ,0
228, 트럼프  캐나다에 보복 경고   미국에 관세 부과하면 즉시 맞불 ,1,도널드  트럼프  전 미국 대통령이 캐나다의 보복관세 조치에 대해 강력히 반발하며  동일한 수준의 추가 관세를 즉각 부과하겠다고 경고했다   일 현지시간   트럼프 는 자신의 소셜미디어  트루스소셜 에  캐나다의 트뤼도  ,0
229,중국서  에 계속 밀리는 테슬라  주가  대 급락,1,도널드  트럼프  미국 대통령의 관세 정책 강행이 시장에 부정적인 영향을 미치고 일론 머스크 테슬라  지난해  월 미 대선 이후 가파른 우상향 그래프를 그리던 테슬라 주가는 지난  월  트럼프  대통령 취임 이후  ,0
230,널뛰는 암호화폐 시장 비트코인  만 달러대,0,도널드  트럼프  미국 대통령의 암호화폐 전략적 비축 계획 발표 직후 암호화폐 시장이 요동치고 있다  비트코인은 전날   큰 폭의 상승분을 모두 반납한 채  만달러 후반대에서 맴도는 모습이다   일 오전  시  ,0
231,   항모 한국 입항   김여정 비난에  한국방어 공약 분명 ,1,칼빈슨함은 같은 항모강습단 소속 순양함 프린스턴함  이지스 구축함 스터렛함과 함께 지난  일 부산에 입항했다  미군 항모의 국내 입항은 지난해  월 이후 약  개월 만이며  지난  월  일  트럼프  행정부 출범 이후 처음이다 ,0
232,달러 원   트럼프  관세전쟁 격화에 낙폭 축소 원 마감,0,도널드  트럼프  미국 대통령이 촉발한 무역 갈등이 고조되자  원까지 반등한 채 마무리됐다  사진 연합뉴스  일 한국시간  새벽  시 달러 원 환율은 전장 서울환시 종가 대비  원 하락한  원에 거래를  ,0
233, 국방차관 후보  한국 상황보면 한미일 협력 지속될지 불확실 ,1,콜비 후보자는  트럼프   기 때 국방부 부차관보를 지낸 지한파 인사로 주한미군이 북한 억제를 넘어  그러면서 그는  트럼프  대통령의 말처럼 대만의 방위비는  국내총생산  대비    정도는 돼야 한다 고 강조했다  ,0
234, 트럼프   캐나다 보복관세에 재보복 트뤼도 주지사  모욕,1,도널드  트럼프  미국 대통령은  일 현지 시간 부터 캐나다에   관세를 부과하기로 한 데 대해 캐나다 측이   트럼프  대통령은 캐나다가 미국의  번째 주가 돼야 한다고 공공연히 주장하며 쥐스탱 트뤼도 총리를  ,0
235, 양회  개막한 중국  국제질서 혼란 속  세계 질서의 안정자  자처,0,중국이 도널드  트럼프  미국 대통령의 공격적 무역 정책과 국제질서 혼란 속에서 자국을 세계화의 수호자이자   트럼프  대통령은 취임  주 만에 미국 동맹국들에 관세를 부과하고  러시아와의 관계를 빠르게 개선하며  ,0
236, 가상화폐 시세  비트코인  억 만원선 엑스알피로 바뀐 리플  원선 ,0,한편   도널드  트럼프  미국 대통령이 멕시코 캐나다 중국에 대한 관세를 발효한 첫날인  일 미국 증시는 전날에 이어  일 연속 하락했다  이날 뉴욕증시에서 다우존스  산업평균지수는 전장보다   ,0
237,뉴욕증시  관세 전쟁 여파에 이틀 연속 하락 마감,0,다우     뉴욕증시가 도널드  트럼프  미국 대통령의 고율 관세 강행 여파에 약세를  시장은  트럼프  대통령의 관세 부과 결정에 영향을 받았다   트럼프  대통령은  일부터 앞서 예고한 대로  ,0
238,비트코인   트럼프  무역 갈등에 흔들 다음은 추가 하락   반등 ,0,통해  트럼프  행정부가 캐나다  멕시코  중국 관세 인상을 강행하여 매도세가 악화되었다  동시에 투자자의 무역 갈등 우려가 고조되었다 라고 전했다   캐피털은 도널드  트럼프 가 대통령 선거 유세 기간 동안  ,0
239,캐나다 멕시코  보복관세 트럼프   상호관세 더 올릴 것 ,1,뉴스토마토   박주용 기자 | 도널드  트럼프  미국 대통령이  일 현지시간  워싱턴 백악관 루즈벨트룸에서 연설하고 있다   사진 뉴시스   도널드  트럼프  미국 대통령은  일 현지시간  캐나다와 멕시코가  보복 관세 로  ,0
240, 유통업체  관세 탓 가격 인상 불가피 며칠 내 소비자 체감 종합 ,1,도널드  트럼프  행정부가 촉발한 관세전쟁 영향 탓에 소비자들이 멕시코산 농산물을 중심으로 며칠 내 가격  그러면서  트럼프  관세  여파로 조만간 상품 가격 인상이 불가피할 것으로 예상된다고 경고했다  브라이언  ,0
241,뉴욕 연은 총재  올해 후반부터 물가 상승 트럼프  관세  효과 ,0,뉴욕 연방은행이 도널드  트럼프  미국 대통령의 관세로 인해 올해 안에 물가가 상승할 것이라고 내다봤다  존 윌리엄스 뉴욕 연은 총재는  일 현지시간  블룸버그 인베스트 뉴욕 행사에서  관세가 인플레이션과 물가에  ,0
242, 에 불법체류자 납세정보 요구  일터 급습 불법 고용 단속 초비상,0,있다  트럼프  행정부가 불법체류자들의 절반이상인  만명으로 추산되는 불법 취업자들까지 포착해 내는 일터 급습  불법고용 단속에 나설 채비를 하고 있어 긴장감이 감돌고 있다 국토안보부와   이민세관집행국은  ,0
243, 이전상장 철회에 관세까지 에코프로비엠 고점대비  분의   토막,0,에코프로비엠이 코스피 시장으로 이전 상장하겠다는 계획을 번복한 데 이어  트럼프 발  관세 압박  주가 급락은 도널드  트럼프  미국 대통령이 관세 압박 수위를 높인 영향도 있다   일 현지시간   트럼프  ,0
244, 관세에  멕  보복관세  트럼프  세계무역전쟁  격화,1,   조원 상당   수입품에   관세 트럼프 는 재보복 경고 멕   일 보복관세 품목 발표   트럼프   기 때처럼 농산물 겨냥  트럼프   월 상호관세 품목별 관세 부과 예정돼 있어 확전 우려  뉴욕 멕시코시티 워싱턴  ,0
245,검찰이 뒤늦게 명태균 카드를 휘두르는 이유  슬로우레터  월 일 ,0,상속세 오히려 증세할 때다 트럼프 의 다음 목표는 북한이다 가 내놓은  억 달러 개헌 두 달이면 된다   트럼프 가 주한 미군 철수 카드를 꺼낼 가능성이 있다는 관측도 나온다  멕시코캐나다   관세 강행  중국도  ,0
246,미국 군사원조 중단에 젤렌스키  공중 해상 휴전  제안,1,젤렌스키 우크라이나 대통령이  트럼프  미국 대통령에게 결국 꼬리를 내렸습니다  최근  트럼프  대통령으로부터 면박을 당한 데 이어 군사원조까지 중단되는 상황에 몰리자  결국  트럼프  대통령의 의견을 수용하겠다는  ,0
247, 초점    소비자들  고물가 속  가성비 소비 전략  확산 외식 줄이고 ,0,이같은 물가 상승 추세는 조 바이든 전 대통령에게 정치적 부담으로 작용했으며 도널드  트럼프  대통령은 취임 첫날부터 가격 인하를 약속했으나 일부 경제학자들은 그의 관세 정책이 단기적으로 비용을 증가시킬 수  ,0
248,  상무장관  트럼프   일 캐 멕 관세 타협안 발표할 수도 ,0,도널드  트럼프  미국 대통령이 오는  일 현지시간  캐나다와 멕시코에 대한 관세 타협안을 발표할 수 있다고 미국 상무부 장관이  일 밝혔다  하워드 러트닉 상무부 장관은 이날 폭스비즈니스 인터뷰에서  트럼프  ,0
249,멕시코   에 보복관세 부과 예고 일에 품목 발표 ,0,셰인바움 대통령   관세 매긴  트럼프  정부 결정에 정당성 없어   멕시코 정부가 도널드  트럼프  미국 정부의 멕시코산 제품   관세 부과 조처에 대응해 미국산 제품에 대한 보복관세 부과를 예고했다   일 현지시간  ,0
250, 속보 상무장관  이르면  일 멕 캐 관세 감면 발표 폭스비즈니스,0, 일 현지시간  워싱턴   백악관 대통령 집무실에서 도널드  트럼프  미국 대통령이 상호 관세에 관한 각서에 서명한 뒤 취재진에게 보여주고 있다  뒤에는 하워드 루트닉 상무부 장관   사진 ,0
251,뉴욕증시   트럼프  관세 전쟁에 일제히 하락 다우  ,0,도널드  트럼프  미국 대통령이 캐나다  멕시코 수입품에 부과하는 관세를 발효하자  대상국이 보복 관세를   트럼프 가  일부터 캐나다와 멕시코에  의 관세를 부과하자  캐나다는  억캐나다달러 규모의 미국산  ,0
252, 트럼프   일 의회 연설 때 광물협정 합의 발표 원해 ,1,도널드  트럼프  미국 대통령과 만나 설전을 벌이고 있다    지난달  일 현지시간  미국 우크라이나  로이터통신은 이날  트럼프  행정부 소식통들을 인용해 이같이 전하면서 특히 도널드  트럼프  대통령은 이날 오후  ,0
253, 트럼프 머스크 연방기관 예산  인력 절반 감축  월 중순  해고 쓰나미 ,0, 트럼프 머스크 팀의 연방기관 예산과 인력을 절반으로 대폭 감축하는 방안이  월 중순부터 본격 돌입한다  도널드  트럼프  대통령과 일론 머스크 도우지 수장은 연방공무원 노조들의 집단 반발과 소송  ,0
254,로이터  트럼프  오늘 의회 연설 때 광물 협정 합의 발표 희망 ,1,도널드  트럼프  미국 대통령  사진 연합뉴스  미국과 우크라이나의 광물 협정이 이르면  일 현지시간  체결될 것이라는 전망이 나왔다  이날 로이터 통신은 도널드  트럼프  미국 대통령이 오후  시  분 한국시간  일  ,0
255, 트렌딩 핫스톡   비야디 판매량  작년 동기 대비   이상 증가,0,어제  트럼프  행정부가 예정대로 오늘부터 캐나다와 멕시코에  의 관세를 부과한다고 발표했죠  이에 두  또한  트럼프  관세 여파로 조만간 멕시코산 농산물을 중심으로 가격 인상이 불가피할 것으로 예상됩니다  ,0
256, 증시전략   트럼프  허니문 끝났다 뉴욕증시  추가 하락 나올까 ,0,총리   트럼프  관세에 반격 보복 관세 부과    캐나다 총리  펜타닐 문제 터무니 없고 완전히 거짓     억 캐나다 달러 규모   수입품에   관세     의존하는 캐나다 경제 침체에 빠질 것 거의 확실     트럼프 도  ,0
257, 관세 전쟁  격화에 주요 지수 이틀째 하락 금융주   뉴욕증시 브리핑 ,0,뉴욕증시가 도널드  트럼프  미국 대통령이 멕시코 캐나다 중국 수입품에 신규 관세 부과를 발효한 첫날인   트럼프  관세 정책으로 피해가 예상되는 미국 자동차 업체들도 하락했다   과 포드는 각각   안팎으로  ,0
258, 트럼프   캐나다  미국에 보복 시 상호관세 즉시 부과  경고,1,도널드  트럼프  미국 대통령이  일 현지시간  워싱턴   백악관에서 열린 키어 스타머 영국 총리와의 기자회견에서 연설하고 있다   로이터  도널드  트럼프  미국 대통령은  일 현지시간  캐나다가 대 캐나다  의 관세에  ,0
259, 트럼프  행정부의 관세 부과로 뉴욕증시 하락,0,  연합뉴스 미국 도널드  트럼프  행정부가 멕시코  캐나다  중국에서 수입되는 제품에 신규 관세를  이러한 하락은  트럼프  대통령의 관세 강행 예고에 따른 여파로  캐나다  멕시코  중국이 보복 조치를 발표하면서  ,0
260,미국  업계  트럼프  관세로 가격 최대   오를 것 ,0,도널드  트럼프  미국 대통령이 캐나다 멕시코에 부과한 관세가  일 현지시간  시행된 가운데  미국내 자동차  관세가  트럼프  조치로 북미 전역의 통합 공급망을 혼란에 빠뜨릴 것 이라고 했다  보젤라 회장은  자동차  ,0
261, 주간팩트체크   낙동강 녹조 독소   다이소 건강식품   업비트 영업정 ,1,최종 변론에서  트럼프  판결문 을 들고 나오며 미국 대통령은 재판 안 받는다고도 주장했습니다  하지만   트럼프  대통령은 두 번  의회의 탄핵 심판대에 올랐습니다  형사 재판의 경우도 법 체계가 다르기 때문에  ,0
262,관세 전쟁 격화로 뉴욕증시 하락세 심화,0,뉴욕증시는 도널드  트럼프  미국 대통령의 관세 부과 정책이 멕시코  캐나다  중국과의 무역 긴장을  이번 하락세는  트럼프  대통령의 관세 부과 예고에 따른 것으로  캐나다와 멕시코  중국이 보복 조치를 발표하거나  ,0
263, 글로벌 마켓   트럼프  반전 협상 없이 예정대로 관세 부과,1,  모닝벨  글로벌 마켓    최주연   뉴욕증시 막판 협상이 가능할 줄 알았던 관세 조치  결국  트럼프   트럼프  대통령이 실제로 관세를 부과하자  곧  에도 예정대로 관세 폭탄을 던질 것이라는 불안감이 커진 데다가  ,0
264, 스타트경제   트럼프  관세전쟁  본격화 막 오른 글로벌  무역전쟁 ,0,특히  트럼프   기 출범 뒤론 더욱 그런데요 그래서 경제 소식을 빠르고 친절하게 전달해 드리는 스타트경제   트럼프   기가 출범한 지 이제 한 달하고 보름쯤 됐다는 게 믿어지십니까  체감상으로 한  년쯤 된 것 같은데  ,0
265,관세전쟁 공포  일단 팔고 보자 에  트럼프  상승분 모두 반납 뉴욕마감 ,0,도널드  트럼프  미국 대통령이 캐나다와 멕시코  중국산 수입품에 관세를 부과한  일 현지시간   트럼프  대통령이 이날  시 분 한국시간  일 오후  시 분 부터 캐나다  멕시코  중국에 대한 관세를 부과하고 캐나다와  ,0
266, 영상   트럼프  관세전쟁  본격화 ,0, 트럼프  관세전쟁  본격화      박선욱,0
267,미국 장기국채금리  껑충    미국증시 은행주  추락 ,0, 는  한편  트럼프  미국 대통령은 이날부터 예고한대로 멕시코 캐나다 제품에   관세를  중국제품에   관세를 부과했고 이에 상대국들도 맞대응에 나섰다 면서  중국은 오는  일부터 미국산 농산물에   ,0
268, 김대호 박사의 오늘의 키워드  스무트 홀리 망령 버핏의 경고 유럽 재 ,1,망령  트럼프  대통령의 관세 전쟁이 전면전으로 치닫고 있습니다  중국에는 물론이고 동맹국까지 관세  총리   트럼프  관세에 반격 보복 관세 부과     억 캐나다달러 규모   상품에   관세 맞불   중국도   ,0
269,아랍연맹   트럼프  가자구상  맞설 자체 재건계획 채택,0, 트럼프  구상 장려돼야   일 현지시간  이집트 카이로에서 이집트가 주최한 긴급 아랍 정상회의 모습   로이터   헤럴드경제 김영철 기자  아랍연맹 이 이집트 카이로에서 열린 특별정상회의에서 도널드  트럼프  ,0
270,아랍연맹 정상 한자리에 트럼프  가자 구상  대응 논의,0,아랍연맹 정상들이 이집트 카이로에 모여  트럼프  대통령의 가자 지구 개발 구상에 대한 대응책을   기자   팔레스타인 주민을 주변국에 이주시키고 가자지구를 휴양지로 개발하겠다   트럼프  대통령의 구상에 대한  ,0
271,뉴욕증시 관세 전쟁 격화 다우  국제유가 사흘째 하락    ,0,도널드  트럼프  행정부가 이날 멕시코 캐나다 중국 등  개국산 수입품에 신규 관세 부과를 발효하고  캐나다의 쥐스탱 트뤼도 총리는  트럼프 의 관세 부과에  어리석은 짓 이라며  억캐나다달러 규모의  ,0
272,현대차 기아  글로벌 생산망 재편 가속 관세 환경 규제 돌파,0,도널드  트럼프  미국 대통령의 관세 정책과 유럽연합 의 환경규제에 적극 대응하기 위해 현지 생산   트럼프  관세 정책에      램프업  가속 현지  만대 생산 체제 구축 관세 불똥이 떨어진 미국에서도 현지  ,0
273,   젤렌스키  양복 있냐  조롱에  우크라  이게 우리의 정장 ,1,볼로디미르 젤렌스키 우크라이나 대통령이 지난주 도널드  트럼프  미국 대통령과의 백악관 정상회담에서  앞서 젤렌스키 대통령은 지난달  일 군복 스타일의 옷을 입고 워싱턴   백악관을 찾아  트럼프  대통령을 만난 바  ,0
274, 상보 미국증시  관세전쟁에 경기침체 우려 금융주 급락 다우 이틀째 와 ,0,이날 장 초반만 해도 도널드  트럼프   기 관세 조치가 중국에 이어 캐나다 멕시코에 대해서도 본격  도널드  트럼프  미국 대통령이 캐나다와 멕시코  중국의 모든 수입품에 부과하는 고율 관세가 이날부터 발효된  ,0
275,뉴욕증시  관세전쟁 격화 양상에  대 지수 하락 다우  종합 ,0,도널드  트럼프  행정부가  일 현지시간  멕시코 캐나다 중국 등  개국산 수입품에 신규 관세 부과를  뉴욕증시  대 지수는 전날  트럼프  대통령의 관세 강행 예고 여파로 하락 마감한 데 이어 이날 캐나다와 멕시코  ,0
276, 트럼프  오늘 집권  기 첫 의회연설 관세 우크라  언급 주목,1,류정민 특파원   도널드  트럼프  미국 대통령이  일 현지시간  오후  시 한국시간  일 오전  시  워싱턴  연방의회 의사당에서 자신의 두 번째 임기 첫 의회 연설에 나선다  이날  트럼프  대통령은 관세  우크라이나 전쟁  ,0
277, 트럼프  정부  머스크의 스타링크에 인터넷 보조금 확대 추진 ,1,도널드  트럼프  미국 행정부가 인터넷 보조금 규정 개편을 추진해 일론 머스크의 스타링크가 받는 보조금 혜택이 대폭 확대될 전망이라고 월스트리트저널 이 보도했습니다   의 소식통에 따르면 미 상무부는 미  ,0
278,관세전쟁에 뉴욕증시 이틀째 급락 다우존스  ,1,도널드  트럼프  미국 대통령의 보복관세가 발효되고 중국과 캐나다  멕시코가 보복을 예고하면서   트럼프  대통령의 부과하기로 한 보복 관세가 이날부터 발효됐다  중국과 캐나다  멕시코도 보복을 예고했다  ,0
279, 뉴욕증시  관세전쟁 격화 양상에 일제히 하락  테슬라  ,0,도널드  트럼프  미국 대통령이 멕시코 캐나다와 중국 수입품에 신규 관세 부과를 발효하면서 글로벌  미국은  트럼프  대통령이 예고한 대로 이날 오전  시 한국시각  일 오후  시 부터 멕시코 캐나다 중국에 대한  ,0
280, 미국발 중국발 산업공동화 우려 국내 제조업 공급망 지켜야 ,0,이근 한국경제학회장 서울대 경제학부 교수 은  트럼프 발 관세전쟁과 중국발 공급과잉으로 한국의 산업   국내적인 정치 변수가 발생하고 해외에서  트럼프  변수가 발생하면서 한국 경제로 봐서는 거의 최악 중에  ,0
281,정옥임  내공있던 박근혜  미래 비전 촉 잃고 메시지가 이것뿐 한판승 ,0,  박재홍   트럼프 에 당하는 모습을 우크라이나 국민들한테 보여줬지요    배종찬  그런데 영국에 갔더니  찰스  세 국왕도 만났는데 영국 언론이 뭐냐 하면 찰스  세 국왕한테  트럼프 는 부르지 마라  영국으로  이런  ,0
282,입법 태만하는 금배지들 상정 법안 전년비  ,1,하지만 국정 리더십 공백으로 국내 정치의 불확실성이 해소되지 않은 가운데 도널드  트럼프   기 행정부까지  고수하는  트럼프  대통령에게 안 장관의 제스처가 얼마나 효과가 있을지도 미지수다  다만 대통령을 둘러싼  ,0
283, 전 세계가 유행처럼 관세 부과  철강  당혹 ,0,도널드  트럼프  미국 대통령의 철강 관세 부과 이후 반덤핑 관세 등 무역 장벽이 높아지는 가운데  한국  글로벌 무역 장벽은  트럼프  대통령이 미국으로 수입되는 철강 제품에   관세를 부과하겠다고 지난달  일 행정  ,0
284, 짐 로저스 인터뷰 원자재 농업 투자 유망  여전히 관심 ,0,  일각에서는  트럼프  대통령이 달러의 패권을 유지하기 위해 암호화폐를 활용할 것이라는 분석도 나오는데  설령  트럼프  대통령이 추진하더라도  암호화폐가 달러를 대신할 수 있을지는 의문이다  단기적으로는 성공할  ,0
285,  미국에  억달러 투자  인텔 주가   급락,0, 트럼프  대통령은 이날 오후 백악관에서 웨이저자   회장 겸 최고경영자 와 하워드 러트닉 미국 상무부 장관이 참여한 가운데 기자회견을 열고  오늘  가 최첨단 반도체 제조 시설을 건설하기 위해 미국에  ,0
286, 천지일보 이슈종합  선관위 채용 논란  관세 전쟁  탄핵 정국  ,0, 트럼프  우크라 군사 지원 중지  젤렌스키 평화 의지 보일 때까지  미국 정부가 우크라이나에 대한 군사 지원을 중단한다고 백악관 관계자가  일 현지시간  로이터통신   통신 등에 확인했다 도널드  트럼프  미국  ,0
287,뉴욕증시   트럼프  무역전쟁에 이틀째 하락 다우  ,0,미국 도널드  트럼프  행정부가  일 현지시간  캐나다와 맥시코  중국에 예정대로 관세를 부과하자  이들이 보복 관세를 부과하며 무역전쟁이 본격화한 영향으로 풀이된다   일 현지시간  뉴욕증권거래소  ,0
288, 고사성어에서 배우는 교훈           망자재배 ,0,응용  월  일  미국의  트럼프   기가 시작되면서 밖에서는 매서운 광풍이 몰아치고  안으로는 어떻게 될지 모르는 혼란스러운 시국이 지속되면서  망자재배  같은 나날이다  이런 상황에서 기업들은 안팎으로  ,0
289, 트럼프  일일 성적표    당선 후 최저 데일리국제금융시장 ,0,이날 스탠더드앤드푸어스 은 도널드  트럼프  미국 대통령의 당선 이후 최저점으로 떨어졌다  지수로만 보면  트럼프  대통령의 경제 정책에 대한 시장의 기대가 사라졌다   일 현지 시간  뉴욕 증시에서  ,0
290,스타트 브리핑  국제 금값   빠질 때 국내   하락   김치 프리미엄 ,1,우리나라도  트럼프 식 강압외교의 타깃이 될지 모르는데우리 안보에 직격타가 될  주한미군 철수  카드 등 여러 시나리오를 분석한 기사입니다   트럼프 는 우리나라를  부자 나라 로 불러왔습니다  우리나라의 방위비  ,0
291, 김종원의 국방인사이드   한미 해양   협력 윈윈 국가적 협상으로  ,1,김종원 국방안보전문기자   도널드  트럼프  미국 대통령은 지난  월 당선자 신분 때 미 해군 함정 건조 문제와 관련해  동맹국을 이용할 수도 있을 것 이라고 밝혔다  당시  트럼프  대통령은  미국이 준비될 때까지 다른  ,0
292,로이터  트럼프   일 의회 연설 때 광물협정 합의 발표 원해 ,1,로이터통신은 이날  트럼프  행정부 소식통들을 인용해 이같이 전하면서 특히 도널드  트럼프  대통령은 이날 오후  시 분 한국시간  일 오전  시  분  시작하는 상 하원 합동회의 연설 때 협정 합의를 발표하길 희망한다는  ,0
293,  총리  트럼프   경제 망가뜨려 병합할 생각 어리석은 짓 ,0, 의   관세 맞서  조원 보복관세 일 후  조원 추가 부과  트뤼도 기자회견서  트럼프  관세  정당성 없는 매우 어리석은 짓   쥐스탱 트뤼도 캐나다 총리는  일 현지시간  자국을 향한 도널드  트럼프  미국 대통령의  ,0
294, 우크라 광물 협정 체결 준비 트럼프  오늘 국회연설서 발표 ,1, 트럼프  미국 행정부와 우크라이나가 광물 협정에 서명할 계획이라고  일 현지시간  로이터통신이 보도했다  이는 지난주 볼로디미르 젤렌스키 우크라이나 대통령과 도널드  트럼프  미국 대통령 간 격렬한 언쟁이 오간  ,0
295, 속보  러트닉 미국 상무부 장관  내일 캐 멕 관세 타협안 발표될 수 있 ,1,하워드 러트닉 미국 상무부 장관이  일 현지시간   폭스 비즈니스와의 인터뷰에서 도널드  트럼프  대통령이 캐나다 및 멕시코와 관세와 관련해 중간 지점에 도달할 것이며  일 이와 관련된 발표가 있을 것이라고 밝혔다 ,0
296, 트럼프  대규모 관세 부과  자동차 건설 소매업 직격탄,0,도널드  트럼프  대통령이 멕시코  캐나다  중국산 수입품에 대한 대규모 관세를 시행하면서 여러 산업이 큰   트럼프  대통령은 캐나다와 멕시코에서 수입되는 제품에   관세를 부과하고  중국산 제품에 대한 기존   ,0
297,다우   하락  나스닥 조정 근접 트럼프  관세발 무역전쟁 우려 뉴욕 ,0,증시는 도널드  트럼프  대통령의 관세와 주요 무역국들의 보복 대응에 따른 무역 전쟁 확산에 전반적으로 매도세가 심했다   트럼프  대통령은 예고대로 멕시코와 캐나다산 수입품에 대한   관세와 중국산에 대한  ,0
298,다우지수   트럼프  관세 정책 영향으로 이틀간  포인트 급락,0,미국 주식시장이 도널드  트럼프  대통령의 주요 교역국에 대한 관세 부과 정책으로 큰 폭의 하락세를 보였다  뉴스위크는 지난  일 현지시각   트럼프  대통령이 캐나다  멕시코  중국 등 주요 무역 상대국에 관세를  ,0
299, 트럼프  관세전쟁에 리플   폭락 암호화폐 시장  대혼돈 ,0,특히   는 도널드  트럼프  대통령의 관세 정책 발표 직후  시간 만에   폭락하며  달러까지 추락하기도   트럼프  관세전쟁  암호화폐 시장 전반에  매도 폭풍  불러와 이번 암호화폐 시장의 급락은  트럼프  ,0
300, 뉴욕증시   트럼프  관세에  일 연속 하락 은행 자동차 여행 종목 추락,0, 대 지수는 도널드  트럼프  미국 대통령이 관세 강행 방침을 밝힌  일 이후 이틀을 내리 하락했다  투자자들이  트럼프  발 관세전쟁과 경기둔화를 우려하면서 이날 금융주들이 큰 폭으로 하락했다  미  ,0
301,로이터  오늘 미 우크라 광물협정 서명할 듯 트럼프  직접 발표 원해 ,0,로이터는 이날  명의 소식통을 인용해  도널드  트럼프  미국 대통령이 오늘 저녁  시 미국 동부시각  악시오스도  명의 소식통을 인용해  트럼프  행정부가 우크라이나에  개선된  광물 협정 초안을 제시했다 고 단독  ,0
302,뉴욕증시  관세전쟁 격화에  혼돈 다우  ,1,뉴욕증시는 도널드  트럼프  미국 대통령의 관세 부과에 상대국이 보복 관세를 발표하자  대 주가지수가 롤러코스터 흐름을 보인 끝에 결국 하락 마감했다   트럼프 의 고율 관세 발효를 불확실성 제거로 받아들여 장 중  ,0
303,무역전쟁 본격화 달러  급절하    유로  급절상 ,0,도널드  트럼프  미국 대통령이 불러온 관세전쟁이 본격화하면서 미국 등 글로벌 경기둔화에 대한 우려를   에 따르면  트럼프  대통령이 예고한대로 이날부터 미국으로 들어오는 캐나다와 멕시코산 제품에 대한   ,0
304, 뉴욕증시  관세 충격에  대 지수 하락 지속 테슬라 급락  엔비디아는 ,0,도널드  트럼프  미국 대통령의 캐나다  멕시코  중국 관세가 시행에 들어가면서 투자 심리가 악화했다   트럼프  대통령은 이날부터 멕시코와 캐나다 수입품에   중국 제품에는 지난달  에 이번에  를 더해  ,0
305, 트럼프  오늘 첫 의회 합동연설 우선주의 기조 재확인,1,도널드  트럼프  미국 대통령은  일 현지 시간   기 행정부 출범 이후 처음으로 의회 합동 연설에 나선다   기 행정부에 비해 한층 강화된 미국 우선주의 기조를 재확인하는 자리가 될 것으로 보인다   트럼프  대통령은 이날  ,0
306,관세 전쟁 격화에 미국 유럽 증시 일제히 하락 자동차주 폭락,0, 트럼프  미국 행정부가 촉발한 관세 전쟁이 격화하는 양상을 보이면서 밤사이 미국과 유럽 증시가 일제히 하락했습니다  뉴욕증시에서 다우존스 산업평균지수는   내린  에 거래를 마쳤습니다    ,0
307,중국 판매 반토막 테슬라   급락   전기차 일제 하락,0,  각각 폭락했다  특히  트럼프  당선 이후 상승분을 모두 반납했다  테슬라가 급락하자 다른 전기차도 모두 하락했다  리비안은   하락한  달러를  루시드는   하락한  달러를 각각 기록했다  이코노미퀸,0
308, 트럼프   캐나다   에 보복하면 같은 수준  상호관세  즉시 부과 ,0,도널드  트럼프  미국 대통령은  일 현지시간 부터 부과하기 시작한 대 캐나다  의 관세에 대해 캐나다  로이터 연합뉴스  트럼프  대통령은 이날 오후 자신이 설립한 소셜미디어  트루스소셜에  캐나다의  쥐스탱  ,0
309, 팔레스타인이 가자 통치 아랍연맹   트럼프   가자 점령안  대안 채택,0,아랍연맹이  일 현지시간  이집트 카이로에서 열린 특별정상회의에서 도널드  트럼프  미국 대통령의  회의에 참석한 마무드 아바스   수반은 이집트안에 대한 환영 의사를 밝히며 도널드  트럼프  미국 대통령이 가자지구  ,0
310,유럽 돈 푼다 트럼프  폭풍 에 유로화 상승 증시는 급락,0,우르줄라 폰데어라이엔   집행위원장 유로화가 올해 들어 달러 대비 가장 강세를 기록했다  유럽이 재정준칙을 완화해 유럽 방위산업에 대한 막대한 투자를 하기로 결정하면서 투자자들은 막대한 돈이 경기를  ,0
311, 유럽증시    관세 정책 주시하며 하락  스톡스   ,0,이투데이 변효선 기자 | 유럽증시가  일 현지시간  도널드  트럼프  미국 행정부의 관세 정책을   트럼프  대통령은 전날 멕시코와 캐나다에 대한   관세가 예정대로 발효될 것이며 새로운 수입 관세를 협상할  ,0
312,칼라일    트럼프  관세발 변동성에 대비해야 ,0,세계  대 사모펀드  중 하나인 칼라일 그룹의 하비 슈워츠  는 현지시간  일  트럼프  관세발 변동성에 대비해야 한다 고 경고했습니다  슈워츠  는  현재로서는 관세가 궁극적으로 어떻게 해결될지 정확히 알 수  ,0
313,관세전쟁 격화 양상에 뉴욕증시  대 지수 하락 다우  ,0,  뉴욕증권거래소 미국 도널드  트럼프  행정부가  일 현지시간  멕시코 캐나다 중국 등  개국산 수입품에 신규 관세 부과를 발효하고 이들  개국이 보복 조치에 나서거나 보복을 예고  관세전쟁이 격화  ,0
314,뉴욕연은 총재  관세 물가 영향 연내 나타날 것 불확실성 있어 ,0,미국 뉴욕 연방준비은행 연은  존 윌리엄스 총재는  일 현지시간  도널드  트럼프  미 행정부의 관세 정책이 물가에 미치는 영향이 연내 나타날 것으로 본다고 밝혔다  연합뉴스에 따르면 윌리엄스 총재는 이날 미국 뉴욕에서  ,0
315,중국    유전체 분석기업 일루미나 제품 수입 금지,0,이는 도널드  트럼프  미국 대통령의 중국산 제품에 대한 추가   관세가 발효된 지 불과 몇 분도 안돼  중국은  트럼프  행정부의  월  일 관세에 보복할 때처럼 미국 유명 인사에 대한 처벌을 자제했지만 일루미나는  ,0
316, 트럼프  보복관세 발효 중국 캐나다 멕시코도 보복 예고,0,도널드  트럼프  대통령이 부과하기로 한 캐나다와 멕시코  중국에 대한 관세가  일 현지시각  발효됐다  중국과 캐나다  멕시코도 보복을 예고했다  도널드  트럼프  미국 대통령은 이날부터 부과하기 시작한 캐나다  의  ,0
317,트뤼도  트럼프    경제 붕괴시켜 병합할 생각   보복관세   철회까 ,0,뉴데일리 성재용 기자   쥐스탱 트뤼도 캐나다 총리는  일 현지시각  자국을 향한 도널드  트럼프  미국  캐나다   가디언 등에 따르면 트뤼도 총리는 이날 캐나다 오타와 국회의사당에서 기자회견을 열고  트럼프  ,0
318,오커스 그룹  일본과   드론 공동 연구 제안 미래 전장 주도권 확보  ,0,도널드  트럼프  대통령이 취임 후 이 체제를 철회할 것이라는 일부 추측에도 불구하고   트럼프  행정부는 오커스를 유지하겠다는 의지를 표명했다   대통령은 오커스를 매우 잘 알고 있으며  이를 지지하고 있다  이것은  ,0
319,캐나다  미국산 제품에   보복관세 북미 관세전쟁 현실화,1,트뤼도 총리  억 캐나다달러 미국 제품에   관세 부과   트럼프 가 협상한 미 멕시코 캐나다 무역협정 위반   트럼프  관세 부과에 중 멕시코 캐나다 보복관세  관세전쟁 확대 쥐스탱 트뤼도 캐나다 총리는  일  ,0
320,로이터  트럼프   일 의회 연설 때 광물협정 합의 발표 원해 ,1,로이터통신은 이날  트럼프  행정부 소식통들을 인용해 이같이 전하면서 특히 도널드  트럼프  대통령은 이날 오후  시 분 한국시간  일 오전  시  분  시작하는 상 하원 합동회의 연설 때 협정 합의를 발표하길 희망한다는  ,0
321,유럽 방위비 확대 발표에 유로화  껑충 올들어 최고치,1,도널드  트럼프  미국 대통령이 전날 캐나다와 멕시코에 관세 부과를 확정하면서  와 통상갈등도 가시화하고 있으나 유로화 강세에 영향을 미치지는 못했다  유로화는 지난해  월  트럼프  대통령 당선 이후  ,0
322,젤렌스키 복장 지적에 이런 게 우리 정장 ,1,최근 군복 차림으로 백악관을 방문한 젤렌스키 우크라이나 대통령이  트럼프  미국 대통령과의 정상회담에서  정장이 있기는 하냐 고 조롱받아 논란이 일었는데요  이와 관련해 우크라이나 내부에서 반박이 이어지고  ,0
323,조류독감  돌연변이 출현  팬데믹 다시 오나,1,한다 면서  조 바이든 행정부는 조류 독감 백신을 위해 모더나의   기술에  억  천만 달러를 투자하는 등 백신 개발을 촉진하기 위한 조치를 취했으나  트럼프  행정부는 이 예산 집행을 철회할 가능성이 높다 고 전했다 ,0
324, 트럼프    보복하려면 해봐  똑같이 상호관세 즉시 부과할테니 ,1,도널드  트럼프  미국 대통령은  일 현지시간 부터 부과하기 시작한 대 캐나다  의 관세에 대해 캐나다 측이  보복관세 로 맞불을 놓자 이에 상응하는 상호관세를 추가로 즉각 부과하겠다고 다시 맞받았다   트럼프  ,0
325,젤렌스키  미국 지원 중단에 공중 해상 휴전안 제시 ,0, 일 현지시간  볼로디미르 젤렌스키 우크라이나 대통령이 도널드  트럼프  미국 대통령과의 백악관 정상회담을  유감 이라고 표현하면서 우크라이나가 종전을 위해 협상할 준비가 돼 있다고 밝혔다  지난달  일  트럼프  ,0
326,캐나다   에  조 보복 관세 트럼프 는  재맞불  예고  종합 ,0,쥐스탱 트뤼도 캐나다 총리는 도널드  트럼프  미국 대통령의   관세 부과에 관해  어리석은 짓 이라고  트뤼도 총리는 이날 회견에서  트럼프  행정부의 관세에 대해  어떠한 정당한 근거나 필요성도 전혀 없다 며  ,0
327, 금 유가  관세 전쟁 격화에 유가 하락 금은 상승,0,도널드  트럼프  미국 대통령은 예고했던 대로 멕시코와 캐나다산 수입품에  의 관세를 부과했고  중국산  그는  트럼프  대통령이 지난주 볼로디미르 젤렌스키 우크라이나 대통령과 정상회담서 얼굴을 붉힌 뒤  ,0
328,   유럽 재무장 계획  발표에 유로화 올들어 최고치,1,도널드  트럼프  미국 대통령이 전날 캐나다와 멕시코에 관세 부과를 확정하면서  와 통상갈등도 가시화하고 있으나 유로화 강세에 영향을 미치지는 못했다  유로화는 지난해  월  트럼프  대통령 당선 이후 보편관세로  ,0
329,뉴욕연은 총재  관세 물가 영향 연내 나타날 것 불확실성 있어 ,0,미국 뉴욕 연방준비은행 연은  존 윌리엄스 총재는  일 현지시간  도널드  트럼프  미 행정부의 관세 정책이 물가에 미치는 영향이 연내 나타날 것으로 내다봤다  윌리엄스 총재는 이날 미국 뉴욕에서 열린 블룸버그 인베스트  ,0
330,트뤼도  트럼프  캐나다경제 붕괴 원해 물러서지 않을 것 ,1,트뤼도 캐나다 총리 쥐스탱 트뤼도 캐나다 총리는  일 현지시간  자국을 향한 도널드  트럼프  미국 대통령의  트뤼도 총리는 이날 캐나다 오타와 의회에서 기자회견을 열고  트럼프  행정부의 관세에 대해  어떠한 정당한  ,0
331,  트뤼도  멍청한 무역전쟁 트럼프   트뤼도 주지사에게 관세 더  ,0, 일 현지시간  캐나다에  의 관세 부과를 개시한 도널드  트럼프  미국 대통령이 캐나다가  보복관세 로 맞불을 놓자  상호관세를 즉각 같은 수준으로 인상할 것 이라고 응수했다   트럼프  대통령은 이날 자신의  ,0
332,뉴욕 연은 총재  트럼프  관세정책 물가 영향 연내 나타날 것 ,0,미국 뉴욕 연방준비은행 연은  존 윌리엄스 총재는 도널드  트럼프  미 행정부의 관세 정책이 물가에 미치는 영향이 연내 나타날 것으로 본다고 밝혔습니다  윌리엄스 총재는 현지시간  일 미국 뉴욕에서 열린 블룸버그  ,0
333,테슬라  리비안   전기차 일제 하락 종합 ,0,  한 달간은   각각 폭락했다  특히  트럼프  당선 이후 상승분을 모두 반납했다  테슬라가 급락하자 다른 전기차도 모두 하락했다  리비안은   하락한  달러를  루시드는   하락한  달러를 각각 기록했다 ,0
334,태광    시장 확대 기대감 고조  과점적 기자재 가치 부각,0,니치마켓인 피팅업은 업황 성장기에 공급 제약으로 인해 마진 변동성이 크지만  향후 도널드  트럼프  전  신한투자증권은 향후  트럼프  정부  년간의 정책 방향에 따라 태광의   관련 사업이 더욱 성장할 것으로  ,0
335, 트럼프  반도체 지각 변동  딜레마와  실리콘 방패 의 운명,1,도널드  트럼프 의 백악관 복귀로 글로벌 반도체 산업에 불확실성이 높아가고 있다  이런 가운데  미 중 기술  전기 공학을 전공하고 정치학 박사 학위를 보유한 쾅인 리우는 이 인터뷰에서  트럼프  행정부가 중국과의  ,0
336,최고치 찍은 유로화 증시는 관세전쟁에  급락 ,1,도널드  트럼프  미국 대통령이 전날 캐나다와 멕시코에 관세 부과를 확정해  와 통상갈등도 초읽기에 들어갔지만 유로화 강세에 영향을 미치지는 못했다  유로화는 지난해  월  트럼프  대통령 당선 후 관세로 인해  ,0
337, 트럼프   기 총력 대응 울산시  통상정책 대응전담반 가동,1,울산시가  트럼프   기 통상정책에 대응하기 위한 대책마련에 나선다  울산시는  일 오전 시청 본관  층 중회의실에서  수출유관기관 대책 회의 를 개최한다  이날 회의는  월부터 시행될 미국의 철강 알루미늄   관세  ,0
338,뉴욕에선 달러 증시  뚝    국제 금값 은값  상승 ,1, 트럼프 발 글로벌 무역전쟁 격화 속에 이날엔 위험자산을 대표하는 뉴욕증시가 하락하고 안전자산을 대표하는 금값과 은값이 올랐다  글로벌 무역전쟁 격화로 인한 미국 경제 위축 우려 확대 속에 미국달러가치는  ,0
339, 국방차관 후보자  한국 상황 보면 한미일 협력 지속 불분명 ,1,한다 며  도널드  트럼프  대통령 말처럼  대만의 방위비 수준이 국민총생산 대비  대충   정도는 돼야 하며  이날 인사청문회에서 야당인 민주당 의원들은 지난달  일 백악관에서  트럼프  대통령과 볼로디미르 젤렌스키  ,0
340,미국 뉴욕증시  관세전쟁 격화 양상에  대 지수 하락 다우존스 ,1,연합뉴스에 따르면 미국 도널드  트럼프  행정부가  일 현지시간  멕시코 캐나다 중국 등  개국산 수입품에 신규 관세 부과를 발효하고 이들  개국이 보복 조치에 나서거나 보복을 예고  관세전쟁이 격화  ,0
341, 속보 관세전쟁 여파 천연가스 이틀째 급등  국제 유가는 사흘째 하락  ,0,도널드  트럼프  미국 대통령이 본격적으로 관세 정책을 시행하면서 경기 둔화 우려가 겹친 데다 주요   트럼프 가 강경 관세 정책을 본격적으로 밀어붙이면서 경기둔화 우려가 빠르게 확산되고 있다  미국  ,0
342,김여정  위협 증대 방안 검토 고강도 도발 예고 ,0, 트럼프   기 출범 이후 김여정이 대미 비난 담화를 낸 건 처음입니다   조선중앙     지역 전반의 평화적 환경을 위태롭게 만드는 미국과 그 추종 세력들의 무모한 과시성  시위성 망동들을 강력히 규탄한다  김여정은  ,0
343, 트럼프  행정부  머스크의 스타링크에 보조금 확대 추진 ,0,  소식통은 스타링크가 작년에는 상무부를 상대로   프로그램 해당 규정의 변경을 요구하는 로비를 했지만   트럼프  대통령이 취임한 뒤에는 그런 로비를 중단했다고 전했습니다 ,0
344, 글로벌 비즈  테슬라   월  산 판매  반토막 ,0,머스크의 광폭 정치행보에 이른바 머스크 리스크가 불거지면서   트럼프 를 등에 업고 치솟았던 회사의 주가 역시   트럼프  당선 이전과 비슷한 수준으로 돌아갔는데요  현재 주가는 최고점 대비   넘게 하락했고  시총  조  ,0
345,   트럼프  취임 후 기술주   하락 반도체     급락 ,0,도널드  트럼프  미 행정부의 관세 전쟁 여파로 빅테크를 포함한 기술주의 하락폭이 큰 것으로 나타났다  이에  트럼프  대통령 취임 후 하락폭은  로 확대했다  인공지능  대장주 엔비디아는 전날   넘게  ,0
346, 트럼프   관세전쟁  시대 열렸다 불안한 코스피 영향은 ,1,도널드  트럼프  미국 대통령이 예고한  관세 시대 가 열렸다  주식시장은 무역전쟁을 우려하며 변동성을   트럼프  대통령의 관세 정책이 본격화한 영향으로 풀이된다  앞서  일 현지시간    지수   나스닥 지수  ,0
347, 국제유가  미국 뉴욕유가   트럼프  관세  증산에 사흘째 하락 ,0,도널드  트럼프  미국 대통령이 본격적으로 관세 정책을 시행하면서 경기 둔화 우려가 겹친 데다 주요   트럼프 가 강경 관세 정책을 본격적으로 밀어붙이면서 경기둔화 우려가 빠르게 확산되고 있다  미국 소비자들의  ,0
348, 속보 트럼프 발 관세전쟁 본격화에 뉴욕증시 동반 하락,0,미국 도널드  트럼프  행정부가 주도하는 관세전쟁이 본격화하면서 뉴욕증시  대 지수가  일 현지시간  모두 하락했다  이날 뉴욕증권거래소에서 다우존스 산업평균지수는 전 거래일보다  포인트  ,0
349,유럽 이어 중국 판매도 반토막  테슬라   급락 상보 ,0,이에 따라 테슬라는 이날   이상 급락했다  이로써 테슬라는 지난  거래일간   한 달간은   각각 폭락했다  특히  트럼프  당선 이후 상승분을 모두 반납했다 ,0
350, 미국 우크라 광물협정 서명 계획 트럼프  의회 연설서 발표 원해 ,1,도널드  트럼프  미국 대통령과 볼로디미르 젤렌스키 우크라이나 대통령이 광물협정에 서명할 예정이라고 로이터 통신이  일 현지시간  소식통을 인용해 보도했다  소식통에 따르면  트럼프  대통령은 측근들에게 이날 오후  ,0
351, 년간  조 필요 아랍연맹   트럼프  가자구상  맞서 자체 계획 채택,1,아랍연맹 이  일 현지시간  이집트 카이로에서 열린 특별정상회의에서 도널드  트럼프  미국 대통령의   트럼프  대통령이 가자지구의 팔레스타인 주민을 인근 국가로 이주시키고 가자지구를 미국이 장악해 휴양지로  ,0
352,뉴욕증시  관세전쟁 격화 양상에  대 지수 하락 다우  ,0,미국 도널드  트럼프  행정부가  일 현지시간  멕시코 캐나다 중국 등  개국산 수입품에 신규 관세 부과를 발효하고 이들  개국이 보복 조치에 나서거나 보복을 예고  관세전쟁이 격화 양상을 보이면서 이날  ,0
353,뉴욕연은 총재  관세 조치  연내 물가 영향 미칠 것 ,0,미국 뉴욕 연방준비은행 연은  존 윌리엄스 총재는  일 현지시간  도널드  트럼프  미 행정부의 관세 정책이 물가에 미치는 영향이 연내 나타날 것이라고 진단했습니다  윌리엄스 총재는 이날 미국 뉴욕에서 열린 블룸버그  ,0
354,뉴욕연은 총재  관세 조치  연내 물가 영향 미칠 것 ,0,미국 뉴욕 연방준비은행 연은  존 윌리엄스 총재는  일 현지시간  도널드  트럼프  미 행정부의 관세 정책이 물가에 미치는 영향이 연내 나타날 것이라고 진단했습니다  윌리엄스 총재는 이날 미국 뉴욕에서 열린 블룸버그  ,0
355,코어위브   트럼프  관세 정책 시장 불확실성 속   도전,0,지난  일 현지시각    지수는   하락했는데  이는 도널드  트럼프  대통령이 예고한 중국에 대한  더인포메이션은  트럼프  대통령의 지속적인 관세 위협으로 인한 경제 불확실성으로 시장 불안은 올해 내내  ,0
356,뉴욕증시  관세전쟁 격화 양상에  대 지수 하락 다우  ,0,미국 도널드  트럼프  행정부가  일 현지시간  멕시코 캐나다 중국 등  개국산 수입품에 신규 관세 부과를 발효하고 이들  개국이 보복 조치에 나서거나 보복을 예고  관세전쟁이 격화 양상을 보이면서 이날  ,0
357,캐나다   에 맞불 보복관세 어리석은 무역전쟁 ,0, 트럼프  미국 대통령의 관세에 맞서 캐나다가 즉각 보복관세를 발표했습니다  세계무역기구에도  트뤼도 총리는  트럼프  대통령이 핑계 삼고 있는 펜타닐 문제는 터무니없고 정당성 없는 거짓 이라며   캐나다를  ,0
358, 뉴욕증시 관세  경기침체 공포에 이틀째 하락 다우   급락,0,도널드  트럼프  미 대통령이 멕시코 캐나다 중국에 관세 부과를 강행하고 각국이 보복 조치를 시사하며  미국은  트럼프  대통령이 예고한 대로 이날 오전  시부터 멕시코 캐나다 중국에 대한 관세를 발효했다  ,0
359, 트럼프   보복하면 상호관세 강대강 치닫는 관세전쟁  글로벌 뉴스픽 ,1,나섰지만  트럼프  대통령은 전혀 아랑곳하지 않고 오히려 공세 수위를 더 높였습니다  관세 강대강 대치가 이어지면서 치킨게임 양상으로 치닫고 있는데요  계속해서 김성훈 기자와 짚어보겠습니다   트럼프  대통령이  ,0
360,캐나다 총리  에 즉각  보복 관세  발효 ,1,쥐스탱 트뤼도 캐나다 총리가  일 현지시간  도널드  트럼프  미국 대통령의 캐나다에 대한   관세 부과를  트뤼도 총리는  트럼프  행정부의 관세에 대해  어떠한 정당한 근거나 필요성도 전혀 없다 며 세계무역기구  ,0
361, 마감 미국증시  극심한 변동성 나스닥 끝내 하락 다우 는 급락 반도 ,0,이날 장 초반만 해도 도널드  트럼프   기 관세 조치가 중국에 이어 캐나다 멕시코에 대해서도 본격   트럼프   기 행정부는 사전 예고한 대로 이날부터 캐나다와 멕시코에   보편관세를 부과하고 중국에   추가  ,0
362,국제유가   트럼프  관세  증산에 사흘째 하락   ,0,도널드  트럼프  미국 대통령이 본격적으로 관세 정책을 시행하면서 경기 둔화 우려가 겹친 데다 주요   트럼프 가 강경 관세 정책을 본격적으로 밀어붙이면서 경기둔화 우려가 빠르게 확산되고 있다  미국 소비자들의  ,0
363,캐나다 총리  트럼프  경제 망가뜨려 병합할 생각 물러서지 않아 ,0,  쥐스탱 트뤼도 캐나다 총리 쥐스탱 트뤼도 캐나다 총리는  일 현지시간  자국을 향한 도널드  트럼프  미국  트뤼도 총리는 이날 캐나다 오타와 의회에서 기자회견을 열고  트럼프  행정부의 관세에 대해  어떠한 정당한  ,0
364, 속보  뉴욕증시  관세전쟁 격화에  대 지수 하락 다우  ,0,미국 도널드  트럼프  행정부가  일 현지시간  멕시코 캐나다 중국 등  개국산 수입품에 신규 관세 부과를 발효하고 이들  개국이 맞대응에 나서면서 이날 뉴욕증시의  대 지수가 모두 하락했다  이날  ,0
365, 트럼프  관세  쇼크    뉴욕증시   대 지수 하락 다우  종합 ,0,도널드  트럼프  미국 대통령 발   관세 전쟁 에 미국 뉴욕증시  대 주가지수가 롤러코스터 장세를 보인   트럼프  대통령이 밀어 붙인  고율 관세 가 발효되면서 일단 불확실성은 제거됐다는 분석에 장 중 저가  ,0
366,카쉬 파텔    국장 임명   만 달러 자산과 투자 내역 공개,0,파텔은 도널드  트럼프  대통령 행정부에서 다양한 역할을 수행했다  법무부 검사  하원 정보위원회   트럼프  미디어   테크놀로지 그룹 을 포함해 여러 고객사를 보유한 이 회사는 파텔이   국장으로  ,0
367,이집트  가자 재건 구상  발표 휴전 연장 불발시 열흘내 교전 ,0, 트럼프  미국 대통령이 제안한 가자 구상의 대안을 논의한 아랍연맹 정상회의에서 이집트가 내놓은 자체 가자  아랍연맹은 현지 시각 어제 이집트 카이로에서  트럼프  미국 대통령의  가자지구 구상 에 맞설 대안을  ,0
368,관세전쟁 본격화에 뉴욕증시 일제 하락 다우지수  ,0,도널드  트럼프  미국 대통령이 멕시코 캐나다와 중국 수입품에 신규 관세 부과를 발효한 첫날인  일 현지 시간  뉴욕증시는 일제히 하락 마감했다    월스트리트저널  등에 따르면 이날  ,0
369,  나토 대사 지명자  나토 강화할 것 트럼프  대통령 동맹 의지 굳건 ,0,도널드  트럼프  미국 대통령이 북대서양조약기구 나토  주재 미국 대사로 지명한 매슈 휘터커는  일 현지시간  상원 인준 청문회에서  나토를 강화하겠다 며  트럼프  대통령이 동맹에 대한 의지를 유지하고 있다고  ,0
370,관세전쟁 우려 속 미 우 광물협정 가능성에 저가 매수세 유입   나스닥 ,0, 트럼프   기 행정부는 사전 예고된 대로 이날 오전  시부터 캐나다와 멕시코에  의 관세를 부과하고  캐나다의 보복관세 조치에  트럼프  대통령은 이에 상응하는 상호관세를 추가로 즉시 부과하겠다고 경고했다  ,0
371, 트럼프    대만 침공 대참사    유치 국가안보 문제 ,0,스카이데일리 임명신기자    세계 최강   반도체 상당 부분이 미국에서 제조될 것    도널드  트럼프  연합뉴스 도널드  트럼프  미국 대통령이  일 현지시간   중국의 대만 침공  문제 관련해  실현된다면  ,0
372,뉴욕 연은 총재  트럼프  관세 이르면 올해 후반 물가상승 효과 ,1,도널드  트럼프  미국 대통령의 관세로 인해 비교적 조만간 물가가 상승할 것으로 예상한다고 뉴욕 연방준비은행 연은 의 존 윌리엄스 총재가 밝혔다  윌리엄스 총재는  일 현지시간  블룸버그 인베스트 뉴욕 행사에서  ,0
373,유럽 방위비 확대 발표에 유로화 올해 최고치,1, 트럼프  대통령의 캐나다 멕시코 상대 관세 부과로 타격을 입었습니다  이날 유럽 종합지수 유로스톡스 은   독일 닥스 은   하락했고  자동차주 중심으로 주가가 급락했습니다  김수강기자  트럼프   환율  ,0
374,캐나다 멕시코  보복  대응 트럼프   추가 관세 ,1, 트럼프  대통령은 캐나다가 보복 관세에 나서면 그만큼 추가 관세를 물리겠다고 밝혔습니다   트럼프 발 관세 전쟁이 걷잡을 수 없이 커지고 있습니다  오늘 일  첫 소식 워싱턴 남승모 특파원입니다   기자  현지시간  ,0
375, 속보   증시  무역전쟁 우려에 이틀 째 급락 다우  ,0,이날 자정을 기해 도널드  트럼프  미국 대통령이 부과한 캐나다와 멕시코에 대한  의 관세가 발효됐다  중국 상품에도  의 추가관세가 붙었다  이후 중국은 이후 미국 제품에  의 추가 관세로 보복했고  ,0
376,캐나다  보복 관세 즉시 발효 트럼프   상호 관세 즉시 부과 ,1,캐나다 트뤼도 총리가  트럼프  대통령의 관세 폭탄에 반발하며 맞불 보복 관세를 선언했습니다   트럼프  대통령도 보복 관세에 상응하는 상호 관세를 부과하겠다고 위협했습니다   눈에는 눈  이에는 이 식으로 대응하는  ,0
377, 보  뉴욕증시  관세전쟁 격화 양상에  대 지수 하락 다우  ,1,이지헌 특파원   미국 도널드  트럼프  행정부가  일 현지시간  멕시코 캐나다 중국 등  개국산 수입품에 신규 관세 부과를 발효하고 이들  개국이 보복 조치에 나서거나 보복을 예고  관세전쟁이 격화 양상을  ,0
378, 트럼프  구리에도 관세 전선 비철금속 업계  상황 예의주시,0,도널드  트럼프  미국 대통령이 수입 구리 및 구리 제품에 대한 관세 부과를 검토하고 있는 가운데  관련 국내   트럼프   관세 폭탄  예고에 구리 가격 요동 국내 영향 크지 않을 듯  일 업계에 따르면  트럼프  ,0
379,  자동차 업계  관세로 북미 부품 공급망 붕괴 가격   상승 ,0,도널드  트럼프  미국 대통령이  일 현지시각  시행에 들어간 캐나다  멕시코에 대한   관세 부과로 미국에서 신차 가격이  가량 올라갈 것이라고 조 보젤라 미국 자동차혁신연합  회장이 이날 밝혔다  미국에서  ,0
380, 속보  뉴욕증시  관세전쟁 격화 양상에 이틀째 하락 다우  ,0,미국 도널드  트럼프  행정부가  일 현지시간  멕시코 캐나다 중국 등  개국산 수입품에 신규 관세 부과를 발효하고 이들  개국이 보복 조치에 나서거나 보복을 예고  관세전쟁이 격화 양상을 보이면서 이날  ,0
381, 모닝와이드  오늘의 주요뉴스,0,캐나다가  조 원대 미국 제품에  의 보복 관세를 물리자  트럼프 는 그만큼 상호관세를 부과하겠다고 맞받았습니다     부분 휴전  제안 백악관 논쟁  유감 표명  미국이 우크라이나에 대한 군사 원조를 중단하자  ,0
382,러  군사지원 중단은 최고의 기여 미 이란 핵 중재도 나서나,1,이와 관련해 미국 블룸버그 통신은 지난달  일  트럼프  미국 대통령이 푸틴 러시아 대통령과 통화하면서     트럼프  대통령은  기 집권 때인  년  이란 핵합의를 일방적으로 파기하고 대이란제재를 복원했고  기 집권을  ,0
383, 호를 읽고 독자의 소리 ,1, 네이버   동맹 흔들며 팽창하는  트럼프 한 미동맹은 괜찮나 미국은 더 이상 자국민을 희생해가며   트럼프  미 행정부는 스스로를 고립시키고 있다 네이버   저 지경이었는데 윤석열과 김건희를 둘러싼  ,0
384,무역전쟁 본격화  미증시 일제   트럼프  당선 이후 상승분 반납 상보 ,0,등  트럼프  발 글로벌 무역전쟁이 본격화하자 미국 증시가 일제히 하락했다   일 현지시간  뉴욕증시에서  전일 나스닥이   가까이 급락함에 따라 지난해  월  일  트럼프  당선 이후 상승분을 모두 까먹은 데 이어  ,0
385,뉴욕연은 총재  관세 물가 영향 연내 나타날 것 불확실성 있어 ,0,이지헌 특파원   미국 뉴욕 연방준비은행 연은  존 윌리엄스 총재는  일 현지시간  도널드  트럼프  미 행정부의 관세 정책이 물가에 미치는 영향이 연내 나타날 것으로 본다고 밝혔다  윌리엄스 총재는 이날 미국 뉴욕에서  ,0
386,로이터  미국 우크라이나  광물 협정 체결 준비 ,1,로이터는 사안에 정통한 네 명의 소식통을 인용해  트럼프  미국 행정부와 우크라이나가 광물 협정에 서명할 계획이라고 보도했다  세 명의 소식통은 도널드  트럼프  미국 대통령이 이날 저녁 의회 연설에서 합의안을  ,0
387, 트럼프 가 쏘아 올린 너무 큰 공 우크라 재건주 줄줄이 급락  이런국장 ,0,도널드  트럼프  미국 대통령과 볼로디미르 젤렌스키 우크라이나 대통령 간 정상회담 파행에 국내  이는 지난달  일 현지시간   트럼프  대통령과 젤렌스키 대통령이 정상 회담에서 공개 충돌한 결과다  ,0
388,아랍연맹   트럼프  가자 구상  대응 재건 계획 채택,0,아랍국가 지도자들이 이집트 카이로에 모여  트럼프  미국 대통령의  가자지구 구상 에 대응하는 재건 계획을 수락했다고 외신들이 보도했습니다  압델 파타 엘시시 이집트 대통령은 현지 시간  일 아랍연맹  ,0
389, 혼자 싸워라 트럼프  우크라이나 군사 지원 전면 중단,0, 트럼프  대통령이 자신의 종전 구상에 이견을 드러낸 우크라이나에 대해 그렇다면 혼자 싸우라고 초강경   리포트  지난달  일 젤렌스키 우크라이나 대통령과의 회담은  트럼프  미국 대통령의 심기를 크게 불편하게  ,0
390,중국 전인대 오늘 개막 리창    안팎  성장 목표 발표 전망,0,도널드  트럼프  대통령 취임 후 미국이 중국을 상대로 무역전쟁에 나선 상황에서 중국은 재작년 및 작년과 같은   안팎 을 성장 목표로 제시할 것으로 예상됩니다  다만  이는 세계은행 과 경제협력개발기구  ,0
391,캐나다 멕시코  보복관세 트럼프   그럼 추가 관세 ,1,  앵커    트럼프 발 관세 전쟁이 격화되고 있습니다  미국이 부과한   관세에 대응해서  캐나다와 멕시코 양국 정상이 보복관세 방침을 밝혔습니다    앵커    트럼프  대통령도 즉시 상호관세를 부과하겠다고 밝혀  ,0
392, 모닝 뉴스브리핑  지난  시간  억 달러 규모 선물 포지션 강제 청산  ,0,그레이스케일 임원  트럼프    채택  투자 다각화 반영한 것  암호화폐 자산운용사 그레이스케일  리서치 총괄 잭 팬들   이 포춘과의 인터뷰에서  트럼프  대통령이      를 전략  ,0
393,관세 규제변화  전자상거래 기업 생존 위협 ,1, 트럼프  정부에서 새롭게 부과되기 시작한 관세와 규제 변화  공급망 이슈가 전자상거래 전반에 걸쳐 심대한 영향을 미칠 것이라는 예측에 무게가 실리고 있는 것으로 나타났다 예를 들면 설문조사 응답자들의  가  ,0
394,어수선한 정국 틈타 먹을거리 가격 도미노 인상,0,미국 도널드  트럼프   기 행정부가 들어서면서 관세 전쟁이 시작된 것도 문제지만 작년  월 나온 비상   트럼프  미 대통령은 지난  일 현지 시각  예고한 대로 중국에 대해  의 추가 관세를 부과하기로 한 행정명령에  ,0
395,  용어  분 해설  국가온실가스 감축목표 ,0,최근 동향 도널드  트럼프  미국 대통령은  년  월  일 취임하자마자 파리협정 재탈퇴를 결정했습니다  바이든 전 대통령은  년까지  년 대비 최대  의 온실가스를 감축하는 목표를 수립했으나  트럼프  ,0
396,미  멕시코 캐나다에   관세 강행 한국 수출  억 달러 줄어들 듯,0,업체들도  트럼프 발 역풍을 맞고 있다  캐나다에는 엘지에너지솔루션과 미국 완성차 업체 스텔란티스의  안 장관은  트럼프  행정부의 관세 정책은  단거리 경기가 아니라 마라톤처럼 앞으로 계속 어떤 조처가 나올지  ,0
397, 뉴욕유가   트럼프  관세  증산에 사흘째 하락   ,0,도널드  트럼프  미국 대통령이 본격적으로 관세 정책을 시행하면서 경기 둔화 우려가 겹친 데다 주요   트럼프 가 강경 관세 정책을 본격적으로 밀어붙이면서 경기둔화 우려가 빠르게 확산되고 있다  미국 소비자들의  ,0
398,한경   월호 탄소세  무역전쟁 뇌관 되나,0,글로벌 뉴스에서는 도입이 지연되고 있는 지속가능항공유   트럼프  시대에도  도 파리협정 목표를 고수하는 영국   트럼프  시대 반발에 직면한    스틸 인수를 통한 탈탄소 경쟁력 확보를 추진하는 일본제철  ,0
399,전환 시대의   주목받는 투자처는,0, 트럼프   기 행정부의   정책은 기존 상식을 뒤엎으며 취임 첫날부터 그린뉴딜을 폐지하고  대신  트럼프  지지층과 이해가 얽힌 전통 에너지 강화  동맹국도 예외를 두지 않는 전방위적 관세 전쟁 확대 등이다   트럼프  ,0
400,안호영   주미대사  트럼프   기  힘의 지배  맞서   통상 안보 ,1,안하는  트럼프   힘에 의한 평화  추구 송유관 사업 등   철강관세 전략 활용을 반도체 메모리 원전 조선업 협력 나서야 미국 도널드  트럼프  대통령의 거침없는  미국 우선주의  행보로 전 세계가 요동치고 있다  ,0
401,주요   콘퍼런스 및 포럼,1,이는 도널드  트럼프   기 행정부 출범 이후 아마존 등 미국 대형 기술 기업이   프로그램을 폐지하는 흐름과 대비된다  애플은  월  일 열린 연례 주주총회에서 국가공공정책연구센터 가 제안한   ,0
402,글로벌   뉴스 브리핑,0,미  트럼프  행정부  캘리포니아주 압박 본격화 미국  트럼프  행정부가  년부터 내연기관차 판매를 금지하기로 한 캘리포니아주에 압박을 가하고 있다   월  일 블룸버그에 따르면  트럼프  행정부는 미국 환경보호청  ,0
403,기후 테마  정치적 논쟁에도 장기투자 매력 높다,0,  투자 트렌드   투자에 대한 불신은 단기 수익을 노린 자들의 얘기다  국내 한 자산운용사 대표는  트럼프  정부 출범 이후 기대감이 낮아진  환경 사회 지배구조  투자에 대해 이같이 평했다   가 글로벌  ,0
404, 부 오늘의 주요뉴스,0,  앵커   캐나다와 멕시코가  트럼프  미국 대통령의   관세 부과에 강하게 반발하며 보복 관세 방침을 밝혔습니다   트럼프  대통령도 즉시 상호관세를 추가 부과하겠다고 맞불을 놔 미국발 관세 전쟁이 격화되고  ,0
405, 출근길 브리핑 월 일  캐나다   맞불관세 메리츠금융  홈플러스 기업 ,1,도널드  트럼프  미국 대통령은  일부터 시행키로 한 캐나다와 멕시코  중국산 수입품에 대한 관세를     에  조 추가 투자 트럼프   엄청난 일  도널드  트럼프  미국 대통령이 미국으로 수입되는 반도체에 대한  ,0
406, 비즈마켓    트럼프  보호무역 정책 본격화  기업들  컨틴전시플 ,1,기자 트럼프   기 행정부의 공격적인 보호무역 정책이 본격화되면서 한국 산업계가 공급망 위기에 대비한   트럼프  행정부의  관세 전쟁 에 따른 공급망 단절상황에 따른 대응전략이다  한국은 핵심 원자재의 중국  ,0
407,  핵항모 한반도 전개에 반발한   추가도발  예고편 ,0,북한이  트럼프  행정부  기 출범 이후 처음으로 한반도에 전개된 미 핵 항공모함 칼빈슨함 과 관련  고강도 반발하면서 추가 도발을 암시하는  예고편 이라는 지적이 나온다   일 외교가에 따르면 전날 칼빈슨함의  ,0
408, 트럼프  관세 현실화에도 삼성  멕시코 거점 못 놓는 이유,0,도널드  트럼프  미국 대통령이 캐나다와 멕시코 대상   관세를 예고대로  일 현지시각  부과할 것이라고   트럼프  대통령은 연임이 불가능한 재선 대통령이다  수정헌법  조에 따르면 미국 대통령은 재선까지만  ,0
409, 트럼프  관세전쟁 격화 캐나다 보복선언에  상호관세  맞불,0, 트럼프  미국 대통령 도널드  트럼프  미국 대통령은  일 현지시간 부터 부과하기 시작한 대 캐나다  의 관세에 대해 캐나다 측이  보복관세 로 맞불을 놓자 이에 상응하는 상호관세를 추가로 즉각 부과하겠다고 다시  ,0
410,캐나다 멕시코   보복 관세  부과 트럼프   상호 관세  즉각 도 ,1,도널드  트럼프  미국 대통령이 시작한 글로벌 무역 전쟁이 격화하고 있다   트럼프  미국 대통령은  일 현지시각   캐나다와 멕시코에   중국에  의 관세를 부과하기 시작했다  미국의  대 교역국인 세 나라는 미국산  ,0
411,테슬라  소비자 보이콧 직면했다 로봇은 매력적 ,1,일론 머스크 최고경영자 가 미국 도널드  트럼프   기 행정부 실세이자 정부효율부  수장으로 정부  지난해  월  일  트럼프 가 대선에서 승리한 뒤 치솟으면서  월  일  달러로 뛰었던 주가는 이제 대선 이전  ,0
412,바클레이스  관세  디트로이트 자동차 빅  순익 모두 날릴 것 ,1,도널드  트럼프  미 대통령이  일부터 멕시코와 캐나다 수입품에   관세를 물림에 따라 미국 디트로이트를  하루  억 만 달러 부담  에 따르면 번스타인은 분석노트에서  트럼프  관세가 디트로이트 빅 에 엄청난  ,0
413, 트럼프   월 암호화폐 정상회의 주최    포함 전략 논의,0,도널드  트럼프  대통령이 주최하는 암호화폐 정상회의가 오는  월  일 백악관에서 열린다  이번 회의는  주요 참석자로는 도널드  트럼프  대통령  리플  최고경영자 브래드 갈링하우스    ,0
414,멕시코   에 보복관세 예고 일 품목 발표 ,0,멕시코 정부가 도널드  트럼프  미국 정부의 멕시코산 제품   관세 부과 조처에 대응해 미국산 제품에 대한  셰인바움 대통령은  트럼프  정부 결정에 아무런 정당성이 없다 면서도  무역전쟁을 벌이려는 의지는 전혀 없다  ,0
415, 샷   한국에 살테야 외국인 영주권자  만여명,0,도널드  트럼프  미국 대통령이  만달러 약  억원 에 미국 영주권을 팔겠다고 나서면서 대한민국의 영주권은 과연 어떻게 취득하는지에 관심이 쏠린다  미국의 영주권인 일명  그린카드 가 세계인의 선망이 대상인  ,0
416,  총리  트럼프   경제 망가뜨려 병합할 생각 물러서지 않아 종합 보 ,0, 의   관세 맞서  조원 보복관세 일 후  조원 추가 부과  트뤼도 기자회견서  트럼프  관세  정당성 없는 매우 어리석은 짓  이지헌 특파원   쥐스탱 트뤼도 캐나다 총리는  일 현지시간  자국을 향한 도널드  트럼프  ,0
417, 국제유가  사흘 연속 하락 브렌트  반 년 만에 최저,0,도널드  트럼프  미국 대통령이 멕시코와 캐나다에   관세를 물리면서 미국이 수입하는 캐나다  멕시코산 석유 가격에 관세가 붙어 비용이 높아졌지만 유가는 하락세를 이어갔다   트럼프  대통령 압박 속에 전날  ,0
418, 년 이내로 심장마비 온다 투자 대부가 경고한  부채,0, 기존 미국채 파는 것 앞으로 쉽지 않아   디폴트 가능 이자 지급않고 넘어갈 수도   경제 하강하는데 물가만 오르고 있어 시장 스테그플레이션 공포 우려  헤지펀드 대부  레이 달리오가 도널드  트럼프  ,0
419,  전인대  오늘 개막 민영기업 육성이 관건,0,도널드  트럼프  대통령 취임 후 미국이 중국을 상대로 무역전쟁에 나선 상황에서 중국은 재작년 및 작년과 같은   안팎 을 성장 목표로 제시할 것으로 예상된다  다만 이는 세계은행 과 경제협력개발기구  ,0
420,캐나다 총리  트럼프  관세 어리석은 짓 즉시 보복 ,1, 조원 규모 보복관세에 대응  트럼프  관세전쟁 확대 양상 쥐스탱 트뤼도 캐나다 총리가  일 현지시간     헤럴드경제 정목희 기자  쥐스탱 트뤼도 캐나다 총리는  일 현지시간  자국을 향한 도널드  트럼프  미국  ,0
421,블룸버그  푸틴  미국 이란 핵 관련 중재 역할 수락 ,1,이 소식통에 따르면 도널드  트럼프  미국 대통령은 지난달  일 푸틴 대통령과 전화 통화에서 이에 대한  러시아와 미국은 푸틴 대통령과  트럼프  대통령의 전화 통화 이후인 지난달  일 사우디아라비아 리야드에서 장관급  ,0
422, 국방차관 후보  한국 상황 보면 한미일 협력 지속될지 불분명 종합 ,1,한다 라면서  도널드  트럼프  대통령 말처럼  대만의 방위비 수준이 국민총생산 대비  대충   정도는 되어야  콜비 후보자는 나토 동맹에 대해서는  매우 성공적 이라면서도  그러나 지속되기 위해서는 도널드  트럼프  ,0
423,아랍연맹  트럼프  가자구상  대응 자체 재건계획 채택,0,아랍연맹 이 현지시간  일 이집트 카이로에서 열린 특별정상회의에서 도널드  트럼프  대통령의  가자지구  앞서  트럼프  대통령이 가자지구의 팔레스타인 주민을 주변국으로 이주시키고 가자지구를 미국이 장악해  ,0
424,  전인대 오늘 개막  성장률 목표 제시 전망,0,도널드  트럼프  대통령 취임 후 미국이 중국을 상대로 무역전쟁에 나선 상황에서 중국은 재작년과 작년과 같은   안팎 을 성장 목표로 제시할 것으로 예상됩니다  러우친젠 전인대 대변인은 전날 기자회견에서  현재  ,0
425,유로화 올들어 최고치 증시는 관세폭탄에 급락 종합 보 ,1,도널드  트럼프  미국 대통령이 전날 캐나다와 멕시코에 관세 부과를 확정하면서  와 통상갈등도 가시화하고 있으나 유로화 강세에 영향을 미치지는 못했다  유로화는 지난해  월  트럼프  대통령 당선 이후 보편관세로  ,0
426,트뤼도  트럼프  관세  어리석은 짓 보복관세 즉시 발효 ,0,도널드  트럼프  미국 대통령의   관세 부과를  어리석은 짓 이라고 비판하며  억 캐나다달러 약  조원  규모의 미국산 수입품에 맞불 보복 관세를 즉각 발효한다고 밝혔다  트뤼도 총리는 이날 회견에서  트럼프  ,0
427, 파나마 항만 소유  홍콩 회사  에 지분   매각 ,0,도널드  트럼프  미국 대통령은 대선 운동 내내 파나마 운하에 중국이 과도한 영향력을 행사하고 있다고  이를 두고 블룸버그와 워싱턴포스트  등은  트럼프  대통령이 사실상 허치슨을 겨냥한 것이라고 분석한 바  ,0
428, 이게 우리 정장   젤렌스키 복장  지적에 우크라도  미국도 화났다,1,지난달  일 현지시간  미국과 우크라이나 정상회담은 도널드  트럼프  미국 대통령과 볼로디미르 젤렌스키 우크라이나 대통령이 고성과 설전 끝에 파행으로 마무리됐다  이후 젤렌스키 대통령의 옷차림이  트럼프  대통령  ,0
429, 트럼프  압박에 홍콩회사  파나마운하 항만지분  에 매각 종합 ,0,도널드  트럼프  미국 대통령의 파나마 운하 통제권 환수 주장에 항만 운영지분을 갖고 있던 홍콩계 회사가    허치슨 측은 정치적 논란에서 빠져나오려고 했지만  이번 계약 성사에는  트럼프  대통령의  압박 이  ,0
430,아랍연맹  트럼프  가자구상  대응해 자체 재건계획 채택 종합 ,0, 년간  조원 들여 잔해 치우고 주거지 공항 건립  하마스  환영 이스라엘은  트럼프  구상 장려돼야  김동호 특파원   아랍연맹 이  일 현지시간  이집트 카이로에서 열린 특별정상회의에서 도널드  트럼프  대통령의  ,0
431,트뤼도 총리  트럼프  관세 목표는 캐나다 경제 붕괴 후 합병 ,0,도널드  트럼프  미국 대통령이   관세 부과를 강행한 목표는 캐나다 경제를 붕괴해 미국과 합병하기 위한 것이라고 강력히 비판했다  트뤼도 총리는 이날 기자회견을 열고  펜타닐 관세라고 주장하는 그 트럼프  대통령  ,0
432,관세전쟁 격화 트럼프   캐나다  보복하면 상호관세 즉각 인상 ,1,도널드  트럼프  미국 대통령은  일 현지시간 부터 부과하기 시작한 대캐나다  의 관세에 대해 캐나다 측이  보복관세 로 맞불을 놓자 이에 상응하는 상호관세를 추가로 즉각 부과하겠다고 다시 맞받았다  이날  트럼프  ,0
433, 메트로경제  월  일자 한줄뉴스 ,0, 트럼프  미국 대통령의 암호화폐 비축 선언으로 급등했던 암호화폐 가격이 빠르게 하락하고 있다   트럼프  발   관세 전쟁  우려에 투자 심리가 얼어 붙으면서다   대 시중은행의 가계대출이 지난달  조원가량  ,0
434,  제조업계  트럼프  관세로 차량 가격 최대   급등  경고,0,도널드  트럼프  미국 대통령이 캐나다와 멕시코산에 강행한   관세는 차량 가격과 차량 이용성에 거의  반면 전미 자동차 노동조합은  트럼프 를 칭찬하며  월 추가 관세조치 계획도 지지했다  노조는  미국 대통령이  ,0
435, 기자수첩 반도체 국가대항전  기업에만 맡긴 한국,1, 일 현지시간  백악관에서 연설 중인 도널드  트럼프  미국 대통령   사진  우리나라는 기업 홀로 외롭게 싸우는 처지다  미국 새 정부가 반도체 관세를 예고하며 통상 리스크까지 커지는 실정이다  이제 반도체는 단순히  ,0
436,두 달 만에 또  트리플 감소 짙어지는 경기침체 징후 코노미 ,1, 이대로는 추경해도 효과 작을것  탄핵 정국에 따른 정치적 불확실성과 미국 도널드  트럼프  행정부의 관세 전쟁 등 대내외 악재가 산적해 있는 점도 우려 요인이다  여기에 한국 경제의 버팀목인 수출은 지난달  ,0
437,글로벌  무역전쟁  막 올랐다 트럼프   관세 폭탄 에  도 맞불 글 ,0,특히 도널드  트럼프   기 행정부 때보다 전쟁의 폭과 속도가 가팔라 세계 경제 및 한국 경제에 대한 우려가  도널드  트럼프  미국 대통령의 관세 압박에  가 대규모 투자에 나선 것으로 해석됩니다  삼성전자  ,0
438,안보동맹 질서 깨버린  트럼프 한국도 안심 못 한다,0,도널드  트럼프  미국 대통령이 우크라이나전 종전 협상 과정에서  파괴적 외교 행보 를 보이고 있다  한때  중국을 견제하고 북한과 대화를 추진하겠다는  트럼프 의 계획이 가시화되면  한국 외교도 전례 없는 폭풍을 맞을  ,0
439, 트럼프   젤렌스키 교체  압박 현실성 있나   우크라 대선  당분간 불가 ,0,   일 현지시간  도널드  트럼프  미국 대통령은 이렇게 말했다  지난달  일 미국 워싱턴 백악관에서 자신과  그러나 러시아와 전쟁 중인 우크라이나가 당장 대선을 치르기에는 제약이 너무 많은 탓에   트럼프 의  ,0
440,뉴욕증시 마감  분 전 다우지수   하락  은행주  뚝 ,0,전일에 이어 이날에도  트럼프  관세 충격이 계속되며 뉴욕증시 장중 다우존스 지수와   지수는 하락세를 보이고 있다  전일의 경우 관세 충격 속에 다우지수는     지수는   각각 급락 마감한 바  ,0
441,짙어진 경기 침체 먹구름 물가 불안에  의 공포 까지,1,도널드  트럼프  미국 대통령 취임 후 관세 정책 불확실성이 더 커졌다 고 진단했다  정부 한은  경기 방어  강병구 교수는  트럼프  행정부의 보호무역주의가 강화되면서 관세 전쟁이 확산이 될 경우에는 물가 상승 기조  ,0
442, 트럼프  행정부  주요 부처 부동산 매각 대상에 법무부  포함,1,도널드  트럼프  미국 행정부가  일 현지시간  법무부 건물    건물 등 연방 정부 부동산  개를 매각 대상으로 공고했다고 로이터 통신이 보도했다  로이터에 따르면 연방 정부 부동산 자산을 관리하는 미국 총무청은  ,0
443, 트럼프  취임 후 비트코인 급등락   년 정점 가능성 ,1,도널드  트럼프  대통령의 취임 이후 암호화폐 시장이 요동치고 있다  비트코인 은 취임식 당일  만  달러까지 상승했지만  이후  만  달러까지 급락하는 등 극심한 변동성을 보였다   월 말에는  트럼프  ,0
444, 트럼프  오늘 첫 의회연설 관세 우크라전쟁 언급 주목,1,도널드  트럼프  미국 대통령이 현지시간  일  우리 시간으로 오늘 일  오전  시 연방의회 의사당에서 집권  기 첫 의회 연설을 합니다   트럼프  대통령은 연방정부 구조조정  관세  우크라이나 전쟁 등 국내외 현안 추진  ,0
445, 트럼프  멕  관세에    업계  자동차가격 최대   오를 것 ,0,도널드  트럼프  미국 대통령이  일 현지시간  미국의 접경국이자 자유무역협정  체결국인 캐나다  민주당 지지 성향이 강한 자동차 노조가 관세 정책에서만큼은  트럼프  대통령의 우군이 되고 있는 형국이다   트럼프  ,0
446,캐나다 총리  트럼프  관세 어리석은 짓  제소 ,0,쥐스탱 트뤼도 캐나다 총리는 도널드  트럼프  미국 대통령의   관세 부과를 향해  어리석은 짓 이라고 비판하며 약  조원 규모의 미국산 수입품에 맞불 보복 관세를 즉각 발효한다고 밝혔습니다  트뤼도 총리는  트럼프  ,0
447,미국  베네수엘라 석유사업 허가 철회 결정,0,도널드  트럼프  행정부는 자국 석유회사 셰브런의 베네수엘라 내 사업 허가를 취소하기로   트럼프  대통령은 지난달 자신의  에서 바이든 전 대통령이 니콜라스 마두로 정권에 부여한  ,0
448, 사설  관세전쟁 시작   트리플  감소까지  막아낼 리더십이 없다,0,도널드  트럼프  미국 대통령이 촉발한 관세전쟁도  일 본격 포문을 열었다  캐나다와 멕시코 수입품에는   중국에는   추가 관세를 물리기 시작했다  기존의 무역협정을 휴지조각으로 만드는  트럼프  방식의  ,0
449, 사설    우크라 군사지원 중단   동맹 자강  다지는 정밀 대응을,0,도널드  트럼프  미 대통령이 우크라이나에 대한 모든 군사지원을 중단하기로 했다  볼로디미르 젤렌스키   트럼프   기 행정부는 북핵 억제를 제외한 재래식 방어는 한국군이 맡아야 한다며 주한미군 역할을 중국 대응  ,0
450,중국 전인대 오늘 개막  안팎  성장 목표 제시할 듯,0,도널드  트럼프  대통령 취임 후 미국이 중국을 상대로 무역전쟁에 나선 상황에서 중국은 재작년 및 작년과 같은   안팎 을 성장 목표로 제시할 것으로 예상됩니다  이는 세계은행 과 경제협력개발기구  ,0
451, 사설  부산시 추경 위기의 민생 구하는 마중물 돼야,1,내수 부진에다  트럼프 발 통상 압력으로 전 산업 분야에 위기 경고등이 켜져서다  최근 한국은행의 경제성장률 전망치가  로 폭락한 것도  금융통화위원회의 기준금리  포인트 추가 인하도 암울한 전망 탓이다  실물  ,0
452, 트럼프  정부  머스크 스타링크에 인터넷 보조금 확대 추진 ,1,도널드  트럼프  미국 행정부가 기존의 인터넷 인프라 보조금 규정 개편을 추진해 일론 머스크의 회사인  했지만   트럼프  대통령이 취임한 뒤에는 그런 로비를 중단했다고 전했습니다  지난해  트럼프  대통령  ,0
453, 화학 신학철  위기 속 홀로  열분해유  속도 친환경  진심 통할까,0,그러나 미국  트럼프  행정부 출범으로 글로벌 친환경 정책의 방향이 전환될 가능성이 높아지면서 공장 건설을 연기하고 있다  반면 신 부회장은 지난  년 국내 최초로  억원을 투자해 공장을 건설하기로 하고  년  ,0
454,동맹 가치 버린  트럼프   힘 과  거래 만 남았다 국제질서 대혼란,0,최종일 선임기자   지난  월  일 취임한 도널드  트럼프  미국 대통령의 전례없는 막무가내식 외교에 전  지난주 백악관 회담에서 광물협정이 불발되자  트럼프  대통령이 우크라이나 무기 지원을 중단하기로 한 조처는  ,0
455,   아젠다 선점  나선 이재명 방향성 맞되 각론 살펴야 ,0,그는 전력의 대부분이  결국은 다 이제 드론  로봇  무인 이런 것으로 갈 텐데  이제 국방을  화해야 한다고 생각한다 며  엊그제 미국  트럼프  행정부도 좀더 본격적으로 전투형 로봇에 대한 투자를 엄청나게 하겠다고  ,0
456,  전인대 오늘 개막 민영기업 육성 통해  경제 새판  짜나,1,도널드  트럼프  대통령 취임 후 미국이 중국을 상대로 무역전쟁에 나선 상황에서 중국은 재작년 및 작년과 같은   안팎 을 성장 목표로 제시할 것으로 예상된다  다만  이는 세계은행 과 경제협력개발기구  ,0
457,멜라니아  딥페이크 성착취 단죄 입법을 ,0,동의 없는 성착취물 유포자 처벌 플랫폼에 관련 콘텐츠 삭제 의무  유해 온라인환경서 아이들 보호  도널드  트럼프  대통령의 부인 멜라니아  트럼프  여사가  일 현지시간   리벤지 포르노 헤어진 연인의 은밀한 사진과  ,0
458,독일  역대급 돈풀기  추진 인프라 투자  년간  조원 종합 ,0,그러나 도널드  트럼프  미국 대통령이 유럽에 안보 분담을 요구하고 우크라이나 무기지원을 중단하는 등 안보 정세가 급변하자 입장을 바꿨다  양당은 현재  의 연립정부 파트너인 녹색당 협조를 받아 이달 안에  ,0
459,관세 칩 수출 제재 우려  엔비디아 주가   폭락,0,특히 이날은 도널드  트럼프  미국 행정부의 상호관세 조치와   반도체 수출 제한에 따른 제재 우려로  이같은 발표는  트럼프  대통령이 동맹국에도 가차없는  관세 폭탄 을 퍼붓자 싱가포르를 비롯한 동남아 각국이  ,0
460,대체거래소   의   거래  첫날 혼란은 없었다,0,한편 이날 국내 증시는 도널드  트럼프  행정부의 관세 부과 강행에도 선방했다  전 거래일 대비 코스피는   내린  에  코스닥은   하락한  에 거래를 마쳤다 ,0
461,산업생산   년 만에 최악  소비 투자까지 또  트리플 마이너스 ,0,미국 도널드  트럼프  행정부가 촉발한 관세 전쟁이 전면전으로 치닫는 상황에서 정치적 불확실성과 리더십 부재가 길어지며 한국경제에  대 저성장 먹구름이 짙어지는 상황이다  통계청이  일 발표한  월 산업활동  ,0
462, 트럼프  정부  머스크의 스타링크에 인터넷 보조금 확대 추진 ,1,  보도 기존 제도 개편해 스타링크 혜택 최대  조원 증가 예상 임미나 특파원   도널드  트럼프  미국  했지만   트럼프  대통령이 취임한 뒤에는 그런 로비를 중단했다고 전했다  지난해  트럼프  대통령 당선에  ,0
463,관세 충격 뉴욕증시 장중 리테일주  뚝   년물 금리  껑충 ,0, 는  트럼프 발 관세 공포 속에 미국 장기 국채금리가 오름세를 보이고 있다 고 진단했다  이 방송은  비슷한 시각 한국시각  일 새벽  시  분 기준  뉴욕증시에선 미국  년물 국채금리 상승 및 관세 충격  ,0
464,   농축산물에 최대    보복관세 ,1,도널드  트럼프  미국 대통령이 한 달간 유예했던 캐나다 멕시코   관세 부과 를 예정대로  일  이날  트럼프  대통령은 백악관에서 대만 파운드리 반도체 수탁생산  기업   투자 계획을 발표한 뒤  내일  ,0
465,리플  소송  왜 아직 끝나지 않았나   가지 핵심 이유,0,도널드  트럼프  대통령은 리플과 긴밀한 관계를 유지하고 있으며   를 미국 전략적 암호화폐 비축 자산에 포함하는 등 긍정적인 태도를 보이고 있다  리플   브래드 갈링하우스   는 올해 초  트럼프 와  ,0
466,   에  조원 투자   트럼프   의 대만 침공은 재앙 ,0,도널드  트럼프  미국 대통령이 미국으로 수입되는 모든 반도체에 고율 관세 부과를 예고한 가운데 대만 반도체 업체  가 미국에  억 달러 약  조원 를 투자하기로 했다   트럼프  행정부의  관세 장벽 을 뛰어넘는  ,0
467, 트럼프 는 왜  친미 우군 을 조롱했나,0,미국은 더이상 참을 수 없다  도널드  트럼프  미 대통령이 지난달  일 백악관에서 가진 정상회담에서  그렇다면  트럼프  대통령은 왜 기자들 앞에서 미국과 한배를 탄 민주 진영 지도자를 경멸하듯 조롱한 것일까  ,0
468,젤렌스키 옥죄는  트럼프  우크라 군사지원 다 끊었다,0,도널드  트럼프  미국 대통령이 지난달  일 볼로디미르 젤렌스키 우크라이나 대통령과의 정상회담에서 격렬한 설전을 벌인 뒤 우크라이나에 대한 군사 지원 물자 공급을 중단하라고 지시했다는 보도가 나왔다  ,0
469, 동맹 안 가리는    관세폭탄에 국내  업계  올 것이 왔다 ,1,도널드  트럼프  미국 대통령의 관세 전쟁이 본격화하면서 통상 환경 급변에 대한 우려가 커지고 있는 가운데   트럼프  캐나다 멕시코에   관세 국내   업계  타격 일 외신 등에 따르면   트럼프  대통령은  일  ,0
470,   가상자산 전략비축  뒤에 숨은 노림수는 마켓 인사이드 ,1,도널드  트럼프  미국 대통령이 가상자산 전략비축 추진에 나선 것이 달러 패권 유지를 위한 노림수라는   일 미 싱크탱크 케이토  연구소에 따르면  트럼프  대통령은 지난해 내슈빌에서 열린  비트코인   ,0
471,   가상자산 전략비축  뒤에 숨은 노림수는 마켓 인사이드 ,1,도널드  트럼프  미국 대통령이 가상자산 전략비축 추진에 나선 것이 달러 패권 유지를 위한 노림수라는   일 미 싱크탱크 케이토  연구소에 따르면  트럼프  대통령은 지난해 내슈빌에서 열린  비트코인   ,0
472,거침없는  트럼프  우크라 무기지원까지 끊었다,0,도널드  트럼프  미국 대통령이 볼로디미르 젤렌스키 우크라이나 대통령과의 정상회담 파행 이후   일 현지시간  미 백악관 관계자는  에  트럼프  대통령은 평화를 추구하고 있고  우방국도 그에 따라야 한다 며  ,0
473, 비핵화 릴레이 인터뷰   동맹 개념 달라져 각자도생 시대 될 것 ,0,남성욱 숙명여대 석좌교수  트럼프  시대 변화 전망 아주경제 전성민 기자   남성욱 숙명여대 석좌교수는 지난  일 진행한 아주경제와의 인터뷰에서  국제 정치는  트럼프  이전과 이후      ,0
474,  관세폭탄에 화들짝 여 부품사  멕시코 엑소더스   풍전등화  ,1, 사는  트럼프  관세 로 발등에 불이 떨어졌다  도널드  트럼프  미국 대통령이 캐나다와 멕시코에 유예 중인 관세를 예정대로  일 현지시간  부과하겠다고 밝히면서다  이미 멕시코 생산기지에 추가 투자하던 건들은  ,0
475, 푸드 수출 장벽 블록체인으로 넘는다,1, 트럼프   기 행정부 출범으로 가장 우려되는 부분인 비관세 무역장벽 강화의 일환이다  현재도 비관세 무역장벽에 수출길이 막힌 농식품이 적지 않고  이 같은 장벽을 넘지 못하면 농식품 수출 자체가 어려워지는 매우  ,0
476, 트럼프   트랜스젠더  선수 출전 금지 상원 법안 부결에도 강행,1,부결했으나   트럼프  행정부는 별도의 입법 없이 이를 강력히 추진하고 있다   일 현지시각  미국  그러나  트럼프  행정부는 입법 없이 이를 강행하고 있다  도널드  트럼프  미국 대통령은 지난달 행정명령을 통해 여학생과  ,0
477, 관풍루   트럼프  미국 행정부  중국 멕시코 캐나다 대상으로 신규 관 ,1, 트럼프  미국 행정부  중국 멕시코 캐나다 대상으로 신규 관세 부과 예정대로 시행  동맹국이자 자유무역협정  체결국 캐나다 도 예외 없다는 의미  이야말로 동지도 적도 없는 아수라판   유통업체 홈플러스  ,0
478, 비핵화 릴레이 인터뷰   한국 패싱 안당하려면  우리만의 카드  핵 잠 ,1,  미국  트럼프   기 행정부가 출범하면서 북한의 비핵화를 천명했지만 북한은 미국을 포함한 국제 사회 요구에 핵무력을 더 고도화하겠다는 방침을 재확인했다  이런 가운데 도널드  트럼프  미국 대통령은 김정은 북한  ,0
479,미중 경쟁에 생산전략 수정 불가피  풍전등화   산업 ,0,이투데이 권태성 기자 | 중국산 수입품 관세에 공급망 조정  생산 비중 줄이고 생산기지 옮겨  트럼프  행정명령에 시기 빨라져 도널드  트럼프   기 행정부의 관세 리스크 타격이 예상보다 약하게 마무리되더라도 미중 패권  ,0
480, 트럼프  관세전쟁에  연준  월 인하  부상 선물시장서 한때  ,1,도널드  트럼프  미국 대통령의 전방위 관세가 경제성장 둔화로 이어질 것이라는 이유에서다   일 이하 현지시간  시카고상품거래소  페드워치에 따르면  연방기금금리  선물시장은 이날 뉴욕 오후  시  분  ,0
481,테슬라 출하량   급감  시진핑 관세 보복    뉴욕증시 엔비디아 리게 ,0,테슬라 중국 출하량 무려   감소  트럼프  관세폭탄 최대피해자   뉴욕증시 엔비디아 리게티 부활 미국  도널드  트럼프  미 행정부의 관세 전쟁이 뉴욕 증시에서 빅테크를 포함한 기술주를 강타하고 있다고 미  ,0
482, 트럼프  취임 후 기술주   하락 반도체    ,0,도널드  트럼프  미 대통령 취임 이후 관세 전쟁으로 뉴욕 증시에서 빅테크 등 기술주가 하락하고 있다고 미  현지시간  일 뉴욕 증시에서 스탠더드앤드푸어스   기술 섹터는 약   내려 약세를 보이는 등  트럼프  ,0
483,동맹도 예외없다  무차별 관세 위협,0,도널드  트럼프  미국 대통령이  일 현지시간 부터 중국  멕시코  캐나다산 수입품에 대한 관세를 예고대로  자국의 이익 앞에선 동맹도 예외가 아니라는  트럼프  행정부의 외교 기조로 국제사회에 일대 혼란이  ,0
484,캐나다 총리  트럼프  원하는 건 캐나다 경제 붕괴 후 합병 ,0,쥐스탱 트뤼도 캐나다 총리는  일 현지시간  도널드  트럼프  대통령의 관세 목표는 캐나다 경제를 파괴해   사진  트뤼도 총리는 이날 기자회견을 열고  트럼프  대통령이 핑계로 삼고 있는 펜타닐 문제는 완전히  ,0
485, 트럼프  집권  기 첫 의회 연설 관세  우크라 종전 구상 밝힐 예정 ,1,도널드  트럼프  미국 대통령이 현지시간  일 오후  시 미 연방의회 의사당에서 집권  기를 맞아 첫 의회 연설을 합니다   트럼프  대통령은 취임 이후  일 만에 이뤄지는 첫 의회 연설에서 연방 정부의 구조조정  관세  ,0
486, 미 우  광물 협정 서명 예정 트럼프  의회 연설서 발표 원해 ,1,이 같은 보도는 지난달  일 백악관을 방문한 볼로디미르 우크라이나 대통령이 도널드  트럼프  미국 대통령    밴스 부통령과 설전을 벌이고 서명식이 취소된 후 나왔다   명의 소식통은  트럼프  대통령이 자신의  ,0
487,캐나다 멕시코 진출 한국 기업 직격타 대응책은 ,1,하지만  트럼프  대통령이 중국과 함께 캐나다와 멕시코에도 관세 폭탄을 던지면서 올해 우리나라 수출이  것으로   트럼프  대통령이 관세를 빌미로 현지 투자 압박을 강하게 밀어붙일 경우 아예 생산 기지를 미국으로  ,0
488, 글로벌 비즈 브리핑  테슬라   월  산 판매량  반토막   ,0,한 눈에 보는 해외 경제 이슈  머스크는 잘 나가는데 왜 테슬라   월  산 판매량  반토막   트럼프   트럼프  관세 폭탄에  와장창 취임 후 기술주  내리막  도널드  트럼프  미 행정부의 관세 전쟁이 뉴욕 증시에서  ,0
489, 뜨거운 감자  부상한 북한군 포로 귀순  실행까진  첩첩산중 ,1,외교로 풀어야 도널드  트럼프  미국 대통령이 평화협정에 소극적인 우크라이나를 압박하기 위해 무기 지원을 전면 중단한 것 역시 포로 송환 문제에 영향을 끼칠 수 있다  실제 우크라이나에 정통한 소식통에 따르면  ,0
490, 미국 안보 지원 끊길 수도   트럼프 식 우크라 해법에 긴장하는 필리핀,1,로무알데스 대사의 발언은 지난달  일 도널드  트럼프  미국 대통령과 볼로디미르 젤렌스키 우크라이나 대통령 간 정상회담 이후 국제 질서가 흔들리는 상황에서 나왔다  당시  트럼프 는 우크라이나 안전 보장을 요구하는  ,0
491, 트럼프   캐나다 보복관세에 상호관세로 즉각 대응 ,0,도널드  트럼프  미국 대통령이 캐나다와 멕시코의 대응에 보복하겠다는 뜻을 분명히 했다  쥐스탱 트뤼도   트럼프  대통령은 물러서지 않았다   트럼프 는  일 자신의 소셜미디어인 트루스소셜에 올린 글에서 트뤼도를  ,0
492, 트럼프 젤렌스키 광물협정 서명할 것 로이터,1,볼로디미르 젤렌스키 우크라이나 대통령과 도널드  트럼프  미국 대통령이 광물협정에 서명할 예정이라고 로이터 통신이  일 현지시간  소식통을 인용해 보도했다  소식통에 따르면   트럼프  대통령은 측근들에게 이날  ,0
493, 트럼프  정부    셰브런  베네수 석유 사업  중단 명령,1,도널드  트럼프  미국 행정부가 자국 석유기업 셰브런에 부여했던 베네수엘라 내 사업 허가를 거둬들이기로   드릴  베이비  드릴     을 외치며 석유 가스 개발 확대 의지를 적극 피력해온  트럼프  미  ,0
494, 트럼프   캐나다 보복조치 하면 같은 수준만큼 상호관세 즉각 부과 ,0,도널드  트럼프  미국 대통령이  일 현지시간 부터 부과된 대 캐나다   관세에 대해 캐나다가  보복관세 로 맞불을 놓자 상호관세를 추가로 즉각 부과하겠다고 맞받았다   트럼프  대통령은 이날 소셜미디어 트루스소셜에  ,0
495, 달러 안전자산 지위 잃을 수도 도이체방크의 경고,1,이같은 우려는 전날 도널드  트럼프  미국 대통령이 중국에 대한   추가관세  캐나다와 멕시코에 대한  관세 석유제품은  를 부과하며 시장이 혼란에 빠진 가운데 나왔습니다  특히 주요  개국 통화대비 달러 가치를  ,0
496, 속보 미국증시  엔비디아 등 반도체주 급반등에 나스닥 상승 전환 다우 ,0,이날 장 초반만 해도 도널드  트럼프   기 관세 조치가 중국에 이어 캐나다 멕시코에 대해서도 본격   트럼프   기 행정부는 사전 예고한 대로 이날부터 캐나다와 멕시코에   보편관세를 부과하고 중국에   추가  ,0
497, 속보  로이터  미 우  광물협정 서명 예정 트럼프   일 의회 연설서 발 ,0,김민정 특파원   자세한 뉴스는 곧 전해드리겠습니다 ,0
498, 푸틴  미국 이란 핵 관련 소통 중재에 동의 종합 ,1, 일  트럼프 푸틴 통화에서 의논 크렘린궁  협상 통해 해결해야  최인영 특파원   블라디미르 푸틴 러시아  이 소식통은 도널드  트럼프  미국 대통령이 지난달  일 푸틴 대통령과 전화 통화하면서 이에 대한 관심을 직접  ,0
499, 트럼프  관세 폭탄에  와장창 취임 후 기술주  내리막 ,0,도널드  트럼프  미 행정부의 관세 전쟁이 뉴욕 증시에서 빅테크를 포함한 기술주를 강타하고 있다고  가   트럼프  대통령 취임 후 하락폭은  로 확대했습니다  인공지능  대장주 엔비디아는 전날   넘게  ,0
500,베스트바이 타겟   관세 가격 인상 초래할 것  경고,1,미국 주요 유통업체들이 시장 전망치를 뛰어넘는 실적을 발표하는 한편 도널드  트럼프  행정부의 관세 정책으로 사업 피해가 불가피하다고 경고했다   일 현지시간  미국 가전제품 유통업체인 베스트바이는 중국과  ,0
501, 트럼프   캐나다   에 보복하면 상호관세 즉시 부과 ,1, 트럼프  미국 대통령은 현지시간  일부터 부과하기 시작한 캐나다에 대한  의 관세에 관련해 캐나다 측이  보복관세 로 맞불을 놓자 이에 상응하는 상호관세를 추가로 즉각 부과하겠다고 다시 맞받았습니다   트럼프  ,0
502,캐나다 보복 관세에  트럼프   같은 금액 상호 관세 즉시 부과 ,1,도널드  트럼프  미국 대통령은  일 현지 시간 부터 캐나다에   관세를 부과하기로 한 데 대해 캐나다 측이   트럼프  대통령은 캐나다가 미국의  번째 주가 돼야 한다고 공공연히 주장하며 쥐스탱 트뤼도 총리를  주지사  ,0
503, 트럼프  관세로 북미 자동차 생산   급감   하루  만대 사라질  ,0,도널드  트럼프  미국 대통령이  일 현지시간  멕시코와 캐나다에   관세를 부과함에 따라 북미 지역 자동차   는  트럼프  관세가 철회되거나 조정되지 않으면 자동차 생산 감축과 더불어 자동차 업체들의 감원이  ,0
504,영국 총리   트럼프 와 통화 우크라 문제 논의,0,   일 정상회담 한 스타머 총리와  트럼프  대통령 키어 스타머 영국 총리가  일 현지시간  도널드  트럼프  미국 대통령과 전화 통화했다고 영국 총리실이 밝혔습니다  현지시간  일 로이터 통신과 일간 텔레그래프에 따르면  ,0
505, 트럼프   캐나다 보복관세  즉각  상호관세  부과할 것 ,1, 일 현지시간 부터 시행된 미국의   관세에 캐나다가 즉각  보복 관세 로 맞서자  트럼프  미국 대통령이  상호 관세 를 즉각 부과하겠다며 으름장을 놓았다   트럼프  대통령은 이날 자신의  에  누가 캐나다의 트뤼도  ,0
506,유럽 방위비 확대 발표에 유로화 올해 최고치 기록,1,한편  유럽증시는  트럼프  대통령의 캐나다 멕시코 상대 관세 부과로 타격을 입었습니다  이날 유럽 종합지수 유로스톡스 은   독일 닥스 은   하락했고  자동차주 중심으로 주가가 급락했습니다   트럼프   환율  ,0
507, 트럼프   관세 압박  가중 캐나다  보복 ,0,도널드  트럼프  미국 대통령이 동맹국과 경쟁국을 가리지 않고 전 세계를 향한 압박 외교에 힘을 쏟고 있다   트럼프  대통령은  일 현지시간   시 분부터 캐나다와 멕시코에 대한   관세 캐나다산 에너지는  를  ,0
508, 트럼프   캐나다  보복하면 같은 금액만큼 상호관세 즉시 부과 ,1,  도널드  트럼프  미국 대통령 도널드  트럼프  미국 대통령은  일 현지시간 부터 부과하기 시작한 대 캐나다  의 관세에 대해 캐나다 측이  보복관세 로 맞불을 놓자 이에 상응하는 상호관세를 추가로 즉각  ,0
509, 국무부 부장관 후보   부상 막기 위해   등 동맹과 협력 ,1, 트럼프   기 행정부 출범 이후 우크라이나 전쟁 종전 협상을 두고 유럽의 서방 동맹과는 불편한 관계에 놓여 있지만  한국을 비롯한 인 태 지역 동맹국과는 긴밀 협력 기조를 유지하겠다는 의지를 보인 것으로 풀이됩니다  ,0
510,골프장 카트에서 내리다 딱 걸린  트럼프   건강이상설  제기,0, 세 도널드  트럼프  미국 대통령이 다리를 질질 끌 듯 부자연스럽게 걷는 모습이 영상에 담겨  골프 카트에서 힘겹게 내리는  트럼프  대통령의 오른쪽 다리는 눈에 띄게 구부러져 있다  발을 땅에 내디딘 후에도 한동안  ,0
511,유럽증시   트럼프  관세 전쟁 개시로  개월 만에 최대 낙폭 독일과 자동 ,1,도널드  트럼프  미국 대통령이 공언한 폭탄 관세가 단지 위협 수준에 머물지 않고 실제 수출입 무역에   트럼프  대통령은 지난  일 첫 내각회의에서  우리는  에 관세를 부과하기로  결정을 내렸다  아주 조만간  ,0
512, 트럼프   캐나다   에 보복하면 상호관세 즉시 부과  경고,1,도널드  트럼프  미국 대통령이  일 현지시간  자정 발효된 캐나다에 대한   관세에 맞서 캐나다 측이 보복관세 조치를 내놓자 이에 상응하는 상호관세를 추가로 즉시 부과하겠다고 경고했다   트럼프  대통령은 이날 자신이  ,0
513,캐나다 총리  트럼프  관세 어리석은 짓 보복관세 즉시 발효 ,1,트뤼도 총리는 현지시간  일 회견을 통해  트럼프  행정부의 관세에 대해  어떠한 정당한 근거나 필요성도  트뤼도 총리의 이 같은 발표는 이날 미 동부시간 오전  시  분을 기해  트럼프  행정부가 멕시코 캐나다 중국  ,0
514,캐나다 총리  트럼프  관세 어리석은 일 에 제소 ,0, 총  천 억캐나다달러 상당의 미국산 상품에 관세  맞불 최진우 특파원   쥐스탱 트뤼도 캐나다 총리가  일 현지시간  도널드  트럼프  미국 대통령을 두고  당신이 매우 똑똑한 사람이라 할지라도 이것 관세 부과 은  ,0
515, 트럼프   캐나다  미에 보복하면 같은 금액 상호관세 즉시 부과 ,0,도널드  트럼프  미국 대통령은 현지시간  일부터 캐나다를 상대로 부과하기 시작한  의 관세에 대해 캐나다 측이  보복관세 로 맞불을 놓자 이에 상응하는 상호관세를 추가로 즉각 부과하겠다고 밝혔습니다   트럼프  ,0
516, 트럼프     에 보복하면 같은 금액만큼 상호관세 즉시 부과 ,1,도널드  트럼프  미국 대통령은  일 현지시간 부터 부과하기 시작한 대 캐나다  의 관세에 대해 캐나다 측이  보복관세 로 맞불을 놓자 이에 상응하는 상호관세를 추가로 즉각 부과하겠다고 다시 맞받았다   트럼프  ,0
517,캐나다 멕시코  보복 미국에도 부메랑 ,1,도널드  트럼프  대통령의 협상 카드로 여겨졌던 관세가 결국 현실화됐습니다  미국 경제는 물론 글로벌   기자   도널드  트럼프    미국 대통령   멕시코 캐나다와의 협상에 더 이상 여지가 없습니다  관세는 정해졌고   월  ,0
518,미 국무 부장관 후보  중국 막으려 한국 등과 협력 ,1, 트럼프   기 출범 이후 우크라이나 전쟁과 관련해 유럽과는 불편한 관계지만  한국 등 인 태 지역 동맹국과는 중국에 함께 대응하기 위해 협력 기조를 유지하겠다는 것으로 풀이됩니다  랜도 후보자는 아울러 국무부  ,0
519,미국무부 차관 후보    견제 위해 한일과 협력 강조,0,랜도 후보자는  트럼프   기 행정부 출범 이후 유럽 서방 동맹들과는 우크라이나 종전 협상 문제로 관계가 소원해졌지만  한국을 비롯한 인도태평양 지역 동맹들과는 중국과의 글로벌 전략  ,0
520, 트럼프   캐나다 보복관세시 상응하는 상호관세 즉각 부과 ,1,도널드  트럼프  미국 대통령은  일 현지시간  저스틴 트뤼도 캐나다 총리가  보복 관세를 단행하면 그와 같은 금액의 상호관세를 즉각 부과하겠다 고 밝혔다   트럼프 는 이날 자신이 설립한 사회관계망  ,0
521, 트럼프   캐나다 보복관세 시행시 상호관세 즉시 부과 종합 ,1,도널드  트럼프  대통령은  일 현지시간  캐나다의 보복 관세 부과와 관련해 캐나다에 이에 상응하는 상호관세를 물리겠다고 압박했다  미국과 캐나다간 갈등이 격화되면서 관세 전쟁이 점차 확대되는 양상이다   트럼프  ,0
522, 트럼프   관세 전쟁 에  주가 출렁   증시도 약세,1,도널드  트럼프  미국 대통령이 캐나다와 멕시코산 수입품에   관세 부과를 강행하고  중국에   추가     트럼프  당선 후   수익률    일 현지 시간  기술주 위주인 미국 나스닥지수는 전일 대비   하락한   ,0
523,비자레알 한국  사장  대리점 방문  철수설 속  국내 판매 확대할 것 ,1,도널드  트럼프  미국 대통령이 수입 자동차 관세 부과를 예고하면서 한국 이 직격탄을 맞을 것으로  한국 은  트럼프  대통령의 수입 자동차   관세 부과 예고에 비상이 걸린 상황이다  한국 은 지난해 전체 판매량  ,0
524,관세폭탄에 멕시코 엑소더스  삼성 기아  생산 확대  속도 ,0,도널드  트럼프  미국 대통령이  일 현지 시간 부터 캐나다와 멕시코산 수입품에   관세를 부과하겠다고 밝히면서 기업들의 대응 속도가 빨라질 것으로 보인다  한국과 글로벌 기업들은 속속 생산 기지를 미국으로 옮길  ,0
525,  환율 조작 지적한  트럼프   도 관찰대상국,0,도널드  트럼프  미국 대통령이 중국과 일본이 자국 통화 약세를 유도하고 있다고 비판하자 일본 정부가 즉각   일 현지 시간   트럼프  대통령은  중국 위안화든 일본 엔화든 이들이 자국 통화를 평가절하하면 미국에 매우  ,0
526, 트럼프   환율 장난땐 추가관세    공화 텃밭 농작물 맞불관세,0,하지만 이제 관세로 대응하면 된다   일 현지 시간  도널드  트럼프  미국 대통령은  일부터 중국에 총  의   트럼프  대통령은 앞서 한 달간 관세 적용을 유예한 캐나다  멕시코에 대해서도  일부터  의 관세를  ,0
527,  불러 투자회견 연  트럼프    대만침공땐 재앙 ,0, 이것은 미국과  에 모두 엄청난 일이다  도널드  트럼프  미국 대통령은  일 현지 시간  백악관에서  특히 이날  트럼프  대통령은 중국의 대만 침공 시도가  재앙적 사건이 될 것 이라고 했다  앞서 그는 지난달  ,0
528,   트럼프  공들이는  알래스카 가스 개발  협력 논의,1,정부가 도널드  트럼프  미국 대통령의 핵심 사업인  알래스카 석유 천연가스 개발 프로젝트 를 포함해  안 장관은 지난달  일 현지 시간   트럼프   기 행정부 출범 이후 장관급으로는 처음으로 미국을 방문했다  ,0
529, 김여정   핵항모 입항에 발끈   트럼프   기 첫 대미 경고,1,외무성 당국자가 아닌 김여정이 직접 대미 경고 메시지를 낸 건 도널드  트럼프   기 출범 이후 처음이다  김여정은  일 조선중앙통신을 통해 발표한 담화에서 미국이 북한을 향해  안전상 우려를 무시하고 정세를  ,0
530,더 세진  트럼프   매드맨 전략  주한미군 재조정 몰아칠 우려,0,도널드  트럼프  미국 대통령이  일 현지 시간  우크라이나 군사지원 전면 중단을 선언하면서  기 행정부 때   트럼프  대통령의 전방위적인 우크라이나 압박은 유럽에 자체 방위비 증액을 유도하는 셈법이 깔려 있지만  ,0
531,돌아온  트럼프  첫 의회연설  존슨 하원의장  지지자 환호할 불꽃놀이 ,1,도널드  트럼프  미국 대통령이 미 동부 시간  일 오후  시 한국 시간  일 오전  시  워싱턴 의회에서 집권  기  의회 연설을 통해  트럼프  대통령은 연방정부 구조조정  불법 이민자 단속 및 추방   다양성 형평성  ,0
532,젤렌스키 면박준  트럼프   광물협정은 아직 안끝나 ,0,미국 우크라이나 정상회담 파행으로 당초 예정돼 있었던  광물협정 이 결렬된 가운데 도널드  트럼프  미국 대통령이 협정 체결은 여전히 유효하다는 입장을  일 현지 시간  밝혔다   트럼프  대통령은 이날 백악관에서  ,0
533, 단독 멜라니아  첫 행보는  보복성 음란물  입법 촉구,0,도널드  트럼프  미국 대통령 부인 멜라니아 여사 사진 가 남편의 재집권 뒤 처음으로 공식석상에 혼자 등장했다  그는  일 현지 시간  워싱턴 의회에서 보복성 음란물을 유포하거나  유포하겠다고 협박하는 행위를 연방  ,0
534, 속보 트럼프   캐나다 보복관세시 상호관세 즉시 부과 ,1,,0
535, 미사일  러본토 공격  핵심  우크라  지원 끊기면 두달내 위기 ,0,도널드  트럼프   기 미국 행정부의 행보가 우크라이나에 큰 악재가 될 것이라고  일 진단했다  영국 가디언도  우크라이나는 전쟁 발발 뒤 방어 체계 운용 등에서 스타링크에 의존했는데 최근  트럼프  대통령 측의  ,0
536,국내  위 현대제철  포항공장  명 희망퇴직 접수,1,글로벌 경기 침체로 인한 수요 부진과 중국산 저가 철강재 공세로 어려움을 겪는 가운데 미국 도널드  트럼프   기 행정부의 관세 부과까지 겹치면서 인원 축소를 결정한 것으로 보인다   일 철강업계에 따르면 현대제철은  ,0
537,  정상들 내일 또 회동   유럽 재무장   조원 방위비 조성 논의,0,도널드  트럼프  미국 대통령이 우크라이나에 대한 군사 지원 중단을 선언한 데다 북대서양조약기구  역시 친 러시아 행보로 일관하는  트럼프   기 행정부에 대한 불만이 반영된 것으로 보인다  한편 앤서니  ,0
538, 중국산에   관세     농축산물에      관세 ,1,도널드  트럼프  미국 대통령이 예고했던 대로  일 현지 시간  중국산 수입품에  의 관세를 추가로 부과하는   트럼프  대통령은  일 워싱턴 백악관에서 중국에 대한 추가 관세 부과 행정명령에 서명했다  지난달  의  ,0
539, 속보   트럼프   에  보복관세 땐 같은 금액만큼 상호관세 즉시 부과 ,1,,0
540, 속보   트럼프   캐나다 보복 관세 시 미국도 그만큼 관세율 높일 것 ,1,,0
541, 트럼프   캐나다 보복 관세 부과하면 즉각 상호 관세 인상 ,1,김민정 특파원   도널드  트럼프  미국 대통령은  일 현지시간  캐나다 정부가 보복 관세 부과 방침을 발표하자 즉각 같은 비율로 상호 관세를 인상할 것이라고 경고했다   트럼프  대통령은 이날 자신의 사회관계망서비스  ,0
542,캐나다 총리  트럼프  관세 어리석은 짓 즉시 보복 ,1,쥐스탱 트뤼도 캐나다 총리는  트럼프  미국 대통령의   관세는 매우 어리석은 짓 이라며  조 원 규모의 미국산 수입품에 맞불 보복 관세를 즉각 발효한다고 밝혔습니다  트뤼도 총리는 기자회견을 열고  트럼프  ,0
543, 트럼프  관세 여파  암호화폐 시장  조  억 원 청산 쇼크,0, 일 현지시간  코인글래스  데이터에 따르면  도널드  트럼프  대통령의   관세 부과 조치로 인해  지난 며칠간 시장이 상승세를 보이며 낙관론이 강화됐지만   트럼프  대통령의 관세 부과 소식이 전해지며  ,0
544, 트럼프  취임 후 기술주   하락 반도체     급락,0, 관세 전쟁으로 인플레 급등 우려 투자자 위험 회피  김태종 특파원   도널드  트럼프  미 행정부의 관세   트럼프  대통령 취임 후 하락폭은  로 확대했다  인공지능  대장주 엔비디아는 전날   넘게 하락하는 등  ,0
545,테슬라  주가   하락  관세 부담 중국 판매 둔화 직격탄,0,이번 하락은 도널드  트럼프  대통령이 시행한 캐나다 및 멕시코산 제품에 대한 관세 조치가 본격 적용된 데 따른 것으로 분석된다  이와 함께 뱅크오브아메리카 가 테슬라의 목표 주가를 기존  달러에서  달러로  ,0
546, 트럼프 가 싫어서  영 시민권 신청 미국인 사상 최대,0,도널드  트럼프  미국 대통령이 지난해 징검다리 재선에 성공한 가운데 지난 한 해 영국 시민권을 신청하는  미국인들의 신청은 특히  트럼프  대통령 당선 가능성이 짙어지기 시작한 지난해  분기에 집중됐다  이 기간 약  ,0
547,캐나다 총리  트럼프  관세 어리석은 짓 보복관세 즉시 발효 ,1,쥐스탱 트뤼도 캐나다 총리는 자국을 향한 도널드  트럼프  미국 대통령의   관세 부과를 향해  어리석은 짓  트뤼도 총리는 현지시간  일 회견에서  트럼프  행정부의 관세에 대해  어떠한 정당한 근거나 필요성도 전혀  ,0
548,미 국무부 부장관 후보  중국 부상 막기 위해 한국 등 동맹과 협력 ,1, 트럼프   기 행정부 출범 이후 우크라이나 전쟁 종전 협상 등을 둘러싸고 유럽의 서방 동맹과는 불편한 관계에 놓여 있지만  한국을 비롯한 인 태 지역 동맹국과는 중국과의 글로벌 전략 경쟁에서 우위를 지키기 위해 긴밀  ,0
549,  온타리오 주지사  트럼프  캐나다인 과소평가 미국 가는 전기 끊어 ,1,김민정 특파원   더그 포드 캐나다 온타리오 주지사가 도널드  트럼프  미국 대통령이 캐나다산 수입품에   포드 주지사는  트럼프  정부가 추가 관세를 부과하면 미국으로 가는 전기를 아예 끊어버리겠다고도 경고했다  ,0
550,막 오른   양회 최대 의제   국제사회는 무역전쟁 대책 주목,0,시진핑 지도부는 인공지능 과 민영경제 촉진  경기부양책 등을 집중 논의한다고 밝히고 있지만  국제사회의 최대 관심사는 도널드  트럼프  미국 행정부에 의해 촉발된 무역전쟁 대책과 중국 지도부가  트럼프  대통령에  ,0
551,미국 원조중단에 젤렌스키  공중 해상 휴전  제안,1,  볼로디미르 젤렌스키 우크라이나 대통령과  트럼프  대통령 미국이 군사 지원을 중단한  일 현지시간  않는다 며  우리는  트럼프  대통령의 강력한 리더십 아래에서 지속적인 평화를 이루기 위해 노력할 준비가 돼 있다  ,0
552,트뤼도  트럼프  관세는 어리석은 짓  이의 제기 ,0,쥐스탱 트뤼도 캐나다 총리는  일 현지 시간  도널드  트럼프  미국 행정부의 관세는 어리석은 짓이라며  그는  트럼프  대통령의 가장 어리석은  관세 추락 이라는 제목의 월스트리트저널  기사를 거론하며  ,0
553,유럽 방위비 확대에 유로화 올들어 최고치 종합 ,1,도널드  트럼프  미국 대통령이 전날 캐나다와 멕시코에 관세 부과를 확정하면서  와 통상갈등도 가시화하고 있으나 유로화 강세에 영향을 미치지는 못했다  유로화는 지난해  월  트럼프  대통령 당선 이후  ,0
554,젤렌스키  결국 무릎  트럼프  노력 공중 해상 휴전 ,1,젤렌스키 퇴진을 압박하던 미국이 도널드  트럼프  대통령 지시로 대 우크라이나 군사원조를 전면 중단한 직후다   일 현지시간  젤렌스키 대통령은  트럼프  대통령의 강력한 리더십 아래에서 노력할 준비가 돼 있다  ,0
555,영킨 주지사  절도범 총격 살해 경관 감형 추진,0,페어팩스 카운티 검사장은  주지사의 결정에 분노한다   트럼프 를 흉내 내며 정치적 목적으로 감형을 추진하고 있다 면서  사법 제도는 물론 버지니아 주민들을 모욕하는 것 이라고 비난했다   워싱턴   ,0
556, 트럼프  압박 통했나 파나마 운하  홍콩기업  미 컨소시엄에 지분 매각,0,중국이 파나마 운하를 실질적으로 지배하고 있다는 주장의 근거로 도널드  트럼프  대통령이 지목한  다분히  트럼프  대통령의 압박이 거래에 결정적인 영향을 준 것으로 본다  이번 매각 계획은  트럼프  대통령이 재집권  ,0
557,홍콩 기업  파나마 운하 항만 지분     컨소시엄에 매각 상보 ,0,하지만  월에 취임한 도널드  트럼프  미국 대통령은 운하를 중국이 통제하고 있다며 불만을 표명해 왔다  파나마 운하는 미국이 한때 관리하던 중요한 전략 자산이다   트럼프 는 심지어 파나마 운하를 다시 통제하기  ,0
558,중국 캐나다   트럼프   관세 폭탄 에 맞대응 글로벌 무역전쟁 격화,0,도널드  트럼프  미국 대통령의  관세 폭탄 에 맞서 중국이 미국산 농축산물에 보복 관세를 발표했다  앞서  트럼프 는 중국이 펜타닐 등 불법 마약을 제대로 단속하지 않았다며 이날부터  의 추가 관세를 부과하겠다고  ,0
559,캐나다 멕시코  보복 미국에도 부메랑 ,1,도널드  트럼프  대통령의 협상 카드로 여겨졌던 관세가 결국 현실화됐습니다  미국 경제는 물론 글로벌   기자   도널드  트럼프    미국 대통령   멕시코 캐나다와의 협상에 더 이상 여지가 없습니다  관세는 정해졌고   월  ,0
560, 월 생산 소비 투자 일제 감소 코로나급 쇼크,0,더 심각해요  국내 정치와  트럼프 발 관세 전쟁의 불확실성으로 소비자들은 꼭 필요한 게 아니면 씀씀이를 줄이고 있습니다   소비자   먹는 건 어쩔 수 없이 좀 싼 거 사 먹더라도 이거는 뭐 그냥 있는 옷 입으면 되니까  ,0
561,젤렌스키  백악관 일 유감 공중 해상 휴전하자 ,0,그러면서   누구도 끝없는 전쟁을 원치 않는다 며  트럼프  대통령의 강력한 리더십 아래에서 지속적인 평화를 이루기 위해 노력할 준비가 돼 있다 고 강조했습니다  이어   전쟁을 끝내기 위해 신속히 일할 준비가 돼 있다  ,0
562, 트럼프   관세 전쟁  점화 캐나다 중국  보복 대응 ,0,  앵커   이번에도  트럼프  대통령 관련 소식입니다   트럼프  대통령이 동맹국인 캐나다와 멕시코에도 예외 없이   관세 부과를 강행했습니다  중국에 대해선 지난 달에 부과한   관세에 더해서  를 추가로  ,0
563, 단독   트럼프  업은 구글  이번엔 안보 시설 위치 좌표값  개 요구,0,구글이  트럼프   기 행정부 출범과 맞물려 이전보다 공세 수위를 높이고 있다는 평가가 나온다  국토부  지난달 도널드  트럼프  미국 대통령은  국경 간 데이터 이동을 제한 하는 국가들의 방침을 문제 삼았다  해외  ,0
564,캐나다 총리  트럼프  관세  어리석은 무역 전쟁  제소 보복 관세 ,1,저스틴 트뤼도 캐나다 총리는  일 현지시간  도널드  트럼프  미국 대통령의 관세 부과에 대해  어리석은 행위 라고 규탄하며 세계무역기구 에 이를 제소할 계획이라고 밝혔다  트뤼도 총리는 이날 기자들과 만나  트럼프  ,0
565,솔로몬 골드만삭스    트럼프  관세 장벽   공정무역 환경  위한 조 ,1,도널드  트럼프  미국 대통령이 캐나다 멕시코산 수입품에  의 관세를 부과하기로 한 가운데 이것이  공정한 무역 환경을 조성 하려는  트럼프  대통령의 행보라는 주장이 나왔다   일 현지시각  로이터통신에 따르면  ,0
566,  성장 정체에 금리 인하  솔솔 가계대출 확대 우려 커져,0,미국 국채  년물   년물 금리가 지난  주일 사이에 각각   가량 하락하며 도널드  트럼프  대통령 당선  이재만 하나증권 연구원은  트럼프  정부가 추구하는 효율적인 정부는 작은 정부를 뜻하는 것으로 정부  ,0
567, 국무부 부장관 후보   부상 막기 위해   등 동맹과 협력 ,1, 트럼프   기 행정부 출범 이후 우크라이나 전쟁 종전 협상 등을 둘러싸고 유럽의 서방 동맹과는 불편한 관계에 놓여 있지만  한국을 비롯한 인 태 지역 동맹국과는 중국과의 글로벌 전략 경쟁에서 우위를 지키기 위해 긴밀  ,0
568,캐나다 총리  트럼프  관세 어리석은 짓 보복관세 즉시 발효 종합 ,1, 트럼프  미국 대통령의   관세 부과를 향해  어리석은 짓 이라고 비판하며  억 캐나다 달러 약  조원  규모의 미국산 수입품에 맞불 보복 관세를 즉각 발효한다고 밝혔다  트뤼도 총리는 이날 회견에서  트럼프  ,0
569,캐나다 트뤼도 총리  트럼프  관세  멍청한 짓 이것은 무역 전쟁 ,0,김민정 특파원   쥐스탱 트뤼도 캐나다 총리는 도널드  트럼프  미국 대통령의 관세 부과가  멍청한 짓  캐나다는  트럼프  대통령의 관세에 대한 보복 조치로  억 캐나다 달러 약  조 원  어치 미국산 재화에 대한   ,0
570,미  최대   관세 시작 불붙은 무역전쟁,0, 트럼프  대통령은 겉으로는 미국으로 들어오는 마약 문제가 해결되지 않았다는 이유를 내걸었지만  기자회견에서 속내를 내비쳤습니다   도널드  트럼프 미국 대통령   솔직히 회사들이 해야 할 일은 미국에 자동차와  ,0
571, 트럼프   은행 영업 불허 불공정 캐나다 해명에도 거듭 주장,1,도널드  트럼프  미국 대통령이  일 현지시간  캐나다가 미국 은행의 캐나다 영업을 불허하고 있다고 주장했다   트럼프  대통령은 이날 소셜미디어 트루스소셜에 올린 글에서  캐나다는 미국 은행이 캐나다에서 영업을  ,0
572, 속보  캐나다 총리  트럼프  관세    제소 ,1,,0
573,미국 대만 무역 갈등 심화   트럼프  관세 압박과 반도체 산업 에너지 ,1,기고문에서  트럼프  대통령의 갑작스러운 대만 관세 부과 위협은 미 대만 관계를 거래적 관계로 변화시키는 신호탄이자  대만 정부에는 예상 밖의 일격이었다 고 분석했다  힐은 기고문에서  트럼프  대통령은 대만이  ,0
574, 유통업체  관세탓 가격인상 불가피 베스트바이 주가  ,0,도널드  트럼프  행정부가 촉발한 관세전쟁 영향 탓에 소비자들이 멕시코산 농산물을 중심으로 며칠 내 가격  그러면서  트럼프  관세  여파로 조만간 상품 가격 인상이 불가피할 것으로 예상된다고 경고했다  브라이언  ,0
575, 속보 트뤼도  트럼프  관세   에 제소할 것 ,1,후속기사가 이어집니다,0
576, 속보 트뤼도  트럼프  관세는 매우 어리석은 짓 ,0,후속기사가 이어집니다,0
577, 속보  캐나다 총리  트럼프  관세 어리석다 캐나다 물러서지 않아 ,1,,0
578, 트럼프  행정부  디파이 브로커 규제 철회 지지  암호화폐 업계에 호재 ,0, 트럼프  행정부가 탈중앙화 금융  브로커 규정을 철회하는 의회 결정을 지지할 것으로 보인다   일 현지시간  데이비드 색스     트럼프  행정부의  암호화폐 정책 책임자는  구 트위터 를 통해 행정부가  ,0
579,캐나다 총리  트럼프  관세 어리석은 짓 보복관세 즉시 발효 ,1, 트럼프  미국 대통령의   관세 부과를 향해  어리석은 짓 이라고 비판하며  억 캐나다 달러 약  조 원  규모의 미국산 수입품에 맞불 보복 관세를 즉각 발효한다고 밝혔습니다  트뤼도 총리는 이날 회견에서  트럼프  ,0
580,젤렌스키  백악관 회담 유감 트럼프  지도력에 협력 준비됐다 ,1,김민정 특파원   볼로디미르 젤렌스키 우크라이나 대통령은  일 현지시간  지난달  일 백악관에서 도널드  트럼프  미국 대통령과 벌인 설전을 유감스럽게 생각한다며 광물 협정 서명은 물론  트럼프  대통령과 평화를 위해  ,0
581,경악한 대만  보조금은커녕 안전보장 약속도 없어 ,0, 트럼프  미국 대통령은 역대 외국 단일 기업 최대 투자액을 들고 온  의 웨이저자 회장 앞에서 보조금은커녕 대만의 안전 보장도 약속하지 않았다  이를 두고 대만 공상시보는  일  부다페스트 안보 각서의 반복이  ,0
582, 억달러 투자받곤   대만 침공 땐 재앙  립서비스,0, 트럼프 의 사업가식 외교 거래 대만의 반도체 업체  가 향후  년간 미국에  억달러 약  조원 를 투자하기로 했다  도널드  트럼프  미국 대통령은  일 워싱턴  백악관에서 웨이저자   회장과 기자회견을 열고  ,0
583,  백악관   트럼프  관세 정책 전면 옹호    제조업 활성화 기대 ,0,미국 백악관이 도널드  트럼프  대통령의 새로운 관세 정책을 전면 옹호했다  하워드 러트닉 미 상무장관은  일 현지시간    인터뷰에서  트럼프  행정부의 관세 정책이 미국 제조업 활성화  재정적자 축소  차입 비용 절감  ,0
584, 깨알지식    트럼프 가 받은 초청장    찰스  세 뭘 쓴 거지,1,도널드  트럼프  미국 대통령은 지난달  일 워싱턴   백악관을 찾은 키어 스타머 영국 총리로부터 찰스  세  이후 인쇄 글씨로  트럼프 가  기 때인  년 스코틀랜드의 국왕 별장 덤프리스 하우스를 방문하려던  ,0
585,난감한 한국  당장 투자할 여력 부족 ,0,김정호   교수는  가 대규모 투자를 발표하면서  트럼프  정부의  반도체 관세  압박이 한국에 집중될 가능성이 있다 며  만큼은 아니더라도 미국 투자에 성의를 보여야 하는 상황에 처했다 고 말했다 ,0
586, 속보 캐나다 총리 트럼프  관세 정당성 없어  제소 ,0,쥐스탱 트뤼도 캐나다 총리가  일 현지시간  도널드  트럼프  미국 행정부의 관세 부과와 관련   정당성도 필요성도 없다 며  세계무역기구 에 제소할 방침 이라고 말했다고 로이터 통신이 보도했다 ,0
587,영국 총리와  트럼프  우크라이나 평화 논의하며 통화,1,사진출처  연합뉴스 영국 총리 키어 스타머는 미국 대통령 도널드  트럼프 와 전화 통화를   트럼프  대통령이 우크라이나에 대한 군사 지원 중단을 지시했다는 보도가 나오면서 상황이  ,0
588, 속보  캐나다 총리  트럼프  관세  매우 어리석은 짓 ,1,,0
589, 보  트뤼도  트럼프  관세 어떤 정당성 필요성도 없어  제소 ,0,,0
590, 사설  생산  소비  투자 추락하는 한국경제,0,투자와 생산 감소는  트럼프 발 관세 전쟁과 정치적 불확실성으로 수출이 어려워질 것이라는 전망에  미국  트럼프 정부는  일 현지시간 부터 캐나다와 멕시코  중국에 관세를 부과하며 무역전쟁의 시동을 걸었다  그런데  ,0
591,아랍연맹   트럼프 의 가자지구 계획에 맞서는 대안 모색,1,회의에서는 도널드  트럼프  미 대통령이 제시한 가자지구 관련 구상을 둘러싼 논의가 진행됐다   트럼프  대통령이 제시한 구상은 가자지구에 거주하는 팔레스타인 주민들을 인근 국가로  ,0
592, 트럼프   암호화폐 준비금  발표 이후 인도 거래량   급증,0,인도 투자자들이 도널드  트럼프  미국 대통령의 국가 암호화폐 준비금 조성 발언 이후 디지털 자산 매수에  이 날 현지 암호화폐 거래소들에 따르면   트럼프  대통령의 발표 직후 인도 내 암호화폐 거래량은  시간  ,0
593,미국과 캐나다 간 무역갈등 고조 트럼프  관세 부과와 함께 제재 경고,1,사진출처  연합뉴스 도널드  트럼프  미국 대통령이 캐나다에 대해 강경한 입장을 재차 드러내며  그러나  트럼프  행정부는 지난달  일 예정된 관세 부과를 한 달간 유예한 끝에 결국 이번  ,0
594, 총리   트럼프 와 통화  우크라 군사원조 중단 전 전화한 듯,1,키어 스타머 영국 총리는 지난  일 현지 시간  도널드  트럼프  미국 대통령과 전화 회담을 가졌다고  일  레이너 부총리는 스타머 총리가  평화를 얻는데 집중 하고 있다며  트럼프  대통령  유럽 등과  대화 를 계속하겠다고  ,0
595,무기 안 주고  최후통첩 항복 강요하는 것 ,0,양국 정상회담이 파행으로 끝나면서  트럼프  대통령이 압박 수위를 한층 높이는 모습인데요  베를린 연결해서  결국  외교적 대참사로 기록된 백악관 회담에 이어  미국은  트럼프  대통령이 원하는 대로 광물 협정을 하고  ,0
596,관세전쟁 격화로 뉴욕증시 급락 나스닥 조정구간 진입 위기,0,사진출처  연합뉴스 미국  트럼프  행정부가 멕시코  캐나다  중국산 제품에 신규 관세를  뉴욕증시 주요 지수들은 전날  트럼프  대통령의 관세 강행 예고 후폭풍으로 인해 하락 마감한 데  ,0
